	adm0_name	adm1_name	ndate	mp_price
0	Mali	Bamako	2003-01-01	250.0
1	Mali	Bamako	2003-02-01	250.0
2	Mali	Bamako	2003-03-01	250.0
3	Mali	Bamako	2003-04-01	250.0
4	Mali	Bamako	2003-05-01	250.0
5	Mali	Bamako	2003-06-01	250.0
6	Mali	Bamako	2003-07-01	250.0
7	Mali	Bamako	2003-08-01	250.0
8	Mali	Bamako	2003-09-01	250.0
9	Mali	Bamako	2003-10-01	250.0
10	Mali	Bamako	2003-11-01	250.0
11	Mali	Bamako	2003-12-01	250.0
12	Mali	Bamako	2004-01-01	250.0
13	Mali	Bamako	2004-02-01	233.33000000000001
14	Mali	Bamako	2004-03-01	243.75
15	Mali	Bamako	2004-04-01	250.0
16	Mali	Bamako	2004-05-01	253.75
17	Mali	Bamako	2004-06-01	273.0
18	Mali	Bamako	2004-07-01	275.0
19	Mali	Bamako	2004-08-01	265.0
20	Mali	Bamako	2004-09-01	260.0
21	Mali	Bamako	2004-10-01	262.5
22	Mali	Bamako	2004-11-01	271.0
23	Mali	Bamako	2004-12-01	275.0
24	Mali	Bamako	2005-01-01	275.0
25	Mali	Bamako	2005-02-01	275.0
26	Mali	Bamako	2005-03-01	275.0
27	Mali	Bamako	2005-04-01	275.0
28	Mali	Bamako	2005-05-01	281.25
29	Mali	Bamako	2005-06-01	275.0
30	Mali	Bamako	2005-07-01	275.0
31	Mali	Bamako	2005-08-01	287.5
32	Mali	Bamako	2005-09-01	290.0
33	Mali	Bamako	2005-10-01	275.0
34	Mali	Bamako	2005-11-01	275.0
35	Mali	Bamako	2005-12-01	275.0
36	Mali	Bamako	2006-01-01	275.0
37	Mali	Bamako	2006-02-01	275.0
38	Mali	Bamako	2006-03-01	275.0
39	Mali	Bamako	2006-04-01	275.0
40	Mali	Bamako	2006-05-01	278.0
41	Mali	Bamako	2006-06-01	295.0
42	Mali	Bamako	2006-07-01	292.5
43	Mali	Bamako	2006-08-01	284.0
44	Mali	Bamako	2006-09-01	285.0
45	Mali	Bamako	2006-10-01	275.0
46	Mali	Bamako	2006-11-01	275.0
47	Mali	Bamako	2006-12-01	275.0
48	Mali	Bamako	2007-01-01	275.0
49	Mali	Bamako	2007-02-01	275.0
50	Mali	Bamako	2007-03-01	275.0
51	Mali	Bamako	2007-04-01	286.14583333333331
52	Mali	Bamako	2007-05-01	287.41666666666669
53	Mali	Bamako	2007-06-01	287.5
54	Mali	Bamako	2007-07-01	287.5
55	Mali	Bamako	2007-08-01	287.23958333333331
56	Mali	Bamako	2007-09-01	287.5
57	Mali	Bamako	2007-10-01	287.5
58	Mali	Bamako	2007-11-01	287.39583333333331
59	Mali	Bamako	2007-12-01	287.76041666666669
60	Mali	Bamako	2008-01-01	295.75
61	Mali	Bamako	2008-02-01	299.89583333333331
62	Mali	Bamako	2008-03-01	319.53125
63	Mali	Bamako	2008-04-01	335.125
64	Mali	Bamako	2008-05-01	345.52083333333331
65	Mali	Bamako	2008-06-01	371.875
66	Mali	Bamako	2008-07-01	389.08333333333331
67	Mali	Bamako	2008-08-01	390.36458333333331
68	Mali	Bamako	2008-09-01	390.20833333333331
69	Mali	Bamako	2008-10-01	388.80208333333331
70	Mali	Bamako	2008-11-01	360.46875
71	Mali	Bamako	2008-12-01	364.16666666666669
72	Mali	Bamako	2009-01-01	368.22916666666669
73	Mali	Bamako	2009-02-01	370.83333333333331
74	Mali	Bamako	2009-03-01	358.33333333333331
75	Mali	Bamako	2009-04-01	326.82291666666669
76	Mali	Bamako	2009-05-01	326.82291666666669
77	Mali	Bamako	2009-06-01	337.5
78	Mali	Bamako	2009-07-01	337.5
79	Mali	Bamako	2009-08-01	341.35416666666669
80	Mali	Bamako	2009-09-01	348.75
81	Mali	Bamako	2009-10-01	330.41666666666669
82	Mali	Bamako	2009-11-01	323.69791666666669
83	Mali	Bamako	2009-12-01	325.83333333333331
84	Mali	Bamako	2010-01-01	326.04166666666669
85	Mali	Bamako	2010-02-01	325.0
86	Mali	Bamako	2010-03-01	325.0
87	Mali	Bamako	2010-04-01	325.0
88	Mali	Bamako	2010-05-01	325.0
89	Mali	Bamako	2010-06-01	335.20833333333331
90	Mali	Bamako	2010-07-01	338.02083333333331
91	Mali	Bamako	2010-08-01	337.5
92	Mali	Bamako	2010-09-01	337.5
93	Mali	Bamako	2010-10-01	337.76041666666669
94	Mali	Bamako	2010-11-01	337.5
95	Mali	Bamako	2010-12-01	337.23958333333331
96	Mali	Bamako	2011-01-01	337.5
97	Mali	Bamako	2011-02-01	347.39583333333331
98	Mali	Bamako	2011-03-01	354.15166666666664
99	Mali	Bamako	2011-04-01	352.96875
100	Mali	Bamako	2011-05-01	360.41666666666669
101	Mali	Bamako	2011-06-01	373.75
102	Mali	Bamako	2011-07-01	374.89583333333331
103	Mali	Bamako	2011-08-01	379.45833333333331
104	Mali	Bamako	2011-09-01	386.35416666666669
105	Mali	Bamako	2011-10-01	387.5
106	Mali	Bamako	2011-11-01	380.20833333333331
107	Mali	Bamako	2011-12-01	383.33333333333331
108	Mali	Bamako	2012-01-01	387.0
109	Mali	Bamako	2012-02-01	387.1875
110	Mali	Bamako	2012-03-01	393.02083333333331
111	Mali	Bamako	2012-04-01	406.53409090909093
112	Mali	Bamako	2012-05-01	412.5
113	Mali	Bamako	2012-06-01	399.66666666666669
114	Mali	Bamako	2012-07-01	375.83333333333331
115	Mali	Bamako	2012-08-01	373.95833333333331
116	Mali	Bamako	2012-09-01	374.66666666666669
117	Mali	Bamako	2012-10-01	371.79166666666669
118	Mali	Bamako	2012-11-01	365.25
119	Mali	Bamako	2013-01-01	359.20833333333331
120	Mali	Bamako	2013-02-01	361.875
121	Mali	Bamako	2013-03-01	360.9375
122	Mali	Bamako	2013-04-01	361.04166666666669
123	Mali	Bamako	2013-05-01	360.95833333333331
124	Mali	Bamako	2013-06-01	361.25
125	Mali	Bamako	2013-07-01	361.08333333333331
126	Mali	Bamako	2013-08-01	361.95833333333331
127	Mali	Bamako	2013-09-01	362.08333333333331
128	Mali	Bamako	2013-10-01	359.79166666666669
129	Mali	Bamako	2013-11-01	359.33333333333331
130	Mali	Bamako	2013-12-01	358.72727272727275
131	Mali	Bamako	2014-01-01	359.875
132	Mali	Bamako	2014-02-01	358.45833333333331
133	Mali	Bamako	2014-03-01	356.25
134	Mali	Bamako	2014-04-01	358.58333333333331
135	Mali	Bamako	2014-05-01	360.48583333333335
136	Mali	Bamako	2014-06-01	359.29166666666669
137	Mali	Bamako	2014-07-01	357.70833333333331
138	Mali	Bamako	2014-08-01	357.55208333333331
139	Mali	Bamako	2014-09-01	359.875
140	Mali	Gao	2007-01-01	275.1875
141	Mali	Gao	2007-02-01	274.875
142	Mali	Gao	2007-03-01	285.625
143	Mali	Gao	2007-04-01	294.53250000000003
144	Mali	Gao	2007-05-01	285.9375
145	Mali	Gao	2007-06-01	289.0625
146	Mali	Gao	2007-07-01	295.3125
147	Mali	Gao	2007-08-01	296.875
148	Mali	Gao	2007-09-01	296.875
149	Mali	Gao	2007-10-01	294.53250000000003
150	Mali	Gao	2007-11-01	282.1875
151	Mali	Gao	2007-12-01	277.08249999999998
152	Mali	Gao	2008-01-01	286.0
153	Mali	Gao	2008-02-01	292.1875
154	Mali	Gao	2008-03-01	332.5
155	Mali	Gao	2008-04-01	350.315
156	Mali	Gao	2008-05-01	354.375
157	Mali	Gao	2008-06-01	391.565
158	Mali	Gao	2008-07-01	425.625
159	Mali	Gao	2008-08-01	416.875
160	Mali	Gao	2008-09-01	410.315
161	Mali	Gao	2008-10-01	417.77750000000003
162	Mali	Gao	2008-11-01	405.47000000000003
163	Mali	Gao	2008-12-01	369.22000000000003
164	Mali	Gao	2009-01-01	341.875
165	Mali	Gao	2009-02-01	386.72000000000003
166	Mali	Gao	2009-03-01	378.125
167	Mali	Gao	2009-04-01	355.15750000000003
168	Mali	Gao	2009-05-01	353.125
169	Mali	Gao	2009-06-01	346.875
170	Mali	Gao	2009-07-01	349.375
171	Mali	Gao	2009-08-01	356.25
172	Mali	Gao	2009-09-01	355.47000000000003
173	Mali	Gao	2009-10-01	351.03999999999996
174	Mali	Gao	2009-11-01	343.7475
175	Mali	Gao	2009-12-01	345.47000000000003
176	Mali	Gao	2010-01-01	343.23000000000002
177	Mali	Gao	2010-02-01	343.75
178	Mali	Gao	2010-03-01	343.75
179	Mali	Gao	2010-04-01	353.125
180	Mali	Gao	2010-05-01	353.125
181	Mali	Gao	2010-06-01	354.16750000000002
182	Mali	Gao	2010-07-01	364.375
183	Mali	Gao	2010-08-01	358.28250000000003
184	Mali	Gao	2010-09-01	351.40750000000003
185	Mali	Gao	2010-10-01	355.0
186	Mali	Gao	2010-11-01	352.34500000000003
187	Mali	Gao	2010-12-01	340.75
188	Mali	Gao	2011-01-01	343.75
189	Mali	Gao	2011-02-01	352.34500000000003
190	Mali	Gao	2011-03-01	346.875
191	Mali	Gao	2011-04-01	353.125
192	Mali	Gao	2011-05-01	363.28250000000003
193	Mali	Gao	2011-06-01	381.25
194	Mali	Gao	2011-07-01	379.6875
195	Mali	Gao	2011-08-01	385.15750000000003
196	Mali	Gao	2011-09-01	387.5
197	Mali	Gao	2011-10-01	387.5
198	Mali	Gao	2011-12-01	412.5
199	Mali	Gao	2012-01-01	389.065
200	Mali	Gao	2012-02-01	396.875
201	Mali	Gao	2012-03-01	407.815
202	Mali	Gao	2013-11-01	335.5
203	Mali	Gao	2013-12-01	371.0
204	Mali	Gao	2014-01-01	375.0
205	Mali	Gao	2014-02-01	379.5
206	Mali	Gao	2014-03-01	381.5
207	Mali	Gao	2014-04-01	381.5
208	Mali	Gao	2014-05-01	381.25
209	Mali	Gao	2014-06-01	381.5
210	Mali	Gao	2014-07-01	381.5
211	Mali	Gao	2014-08-01	381.25
212	Mali	Gao	2014-09-01	377.25
213	Mali	Segou	2007-01-01	243.54846153846154
214	Mali	Segou	2007-02-01	246.89153846153846
215	Mali	Segou	2007-03-01	246.09076923076921
216	Mali	Segou	2007-04-01	253.77538461538461
217	Mali	Segou	2007-05-01	261.8042857142857
218	Mali	Segou	2007-06-01	256.70999999999998
219	Mali	Segou	2007-07-01	260.5176923076923
220	Mali	Segou	2007-08-01	263.11500000000001
221	Mali	Segou	2007-09-01	267.14500000000004
222	Mali	Segou	2007-10-01	263.45083333333332
223	Mali	Segou	2007-11-01	252.03
224	Mali	Segou	2007-12-01	248.69285714285715
225	Mali	Segou	2008-01-01	254.04142857142855
226	Mali	Segou	2008-02-01	266.89285714285717
227	Mali	Segou	2008-03-01	282.94285714285712
228	Mali	Segou	2008-04-01	310.6621428571429
229	Mali	Segou	2008-05-01	321.90214285714279
230	Mali	Segou	2008-06-01	336.72500000000002
231	Mali	Segou	2008-07-01	352.10071428571428
232	Mali	Segou	2008-08-01	359.19285714285712
233	Mali	Segou	2008-09-01	380.33611111111111
234	Mali	Segou	2008-10-01	349.68647058823535
235	Mali	Segou	2008-11-01	307.11285714285714
236	Mali	Segou	2008-12-01	317.63142857142856
237	Mali	Segou	2009-01-01	318.00666666666666
238	Mali	Segou	2009-02-01	318.8528571428572
239	Mali	Segou	2009-03-01	320.76714285714291
240	Mali	Segou	2009-04-01	320.93466666666671
241	Mali	Segou	2009-05-01	326.67000000000002
242	Mali	Segou	2009-06-01	323.86000000000001
243	Mali	Segou	2009-07-01	325.19666666666666
244	Mali	Segou	2009-08-01	334.40466666666663
245	Mali	Segou	2009-09-01	313.42687500000005
246	Mali	Segou	2009-10-01	294.16999999999996
247	Mali	Segou	2009-11-01	283.83466666666669
248	Mali	Segou	2009-12-01	290.17199999999997
249	Mali	Segou	2010-01-01	295.36266666666666
250	Mali	Segou	2010-02-01	296.64266666666668
251	Mali	Segou	2010-03-01	296.80200000000002
252	Mali	Segou	2010-04-01	294.58928571428572
253	Mali	Segou	2010-05-01	293.64285714285717
254	Mali	Segou	2010-06-01	285.87142857142857
255	Mali	Segou	2010-07-01	289.06769230769231
256	Mali	Segou	2010-08-01	294.09214285714285
257	Mali	Segou	2010-09-01	292.43785714285713
258	Mali	Segou	2010-10-01	283.29500000000002
259	Mali	Segou	2010-11-01	279.1307142857143
260	Mali	Segou	2010-12-01	276.76923076923077
261	Mali	Segou	2011-01-01	275.09714285714284
262	Mali	Segou	2011-02-01	272.5
263	Mali	Segou	2011-03-01	278.91384615384618
264	Mali	Segou	2011-04-01	296.30769230769232
265	Mali	Segou	2011-05-01	311.38461538461536
266	Mali	Segou	2011-06-01	310.30769230769232
267	Mali	Segou	2011-07-01	315.81285714285713
268	Mali	Segou	2011-08-01	333.47285714285715
269	Mali	Segou	2011-09-01	346.49133333333333
270	Mali	Segou	2011-10-01	346.25200000000001
271	Mali	Segou	2011-11-01	330.0
272	Mali	Segou	2011-12-01	350.0
273	Mali	Segou	2012-01-01	350.0
274	Mali	Segou	2012-02-01	353.125
275	Mali	Segou	2012-03-01	378.125
276	Mali	Segou	2012-04-01	402.79999999999995
277	Mali	Segou	2012-05-01	408.375
278	Mali	Segou	2012-06-01	366.55555555555554
279	Mali	Segou	2012-07-01	341.11111111111109
280	Mali	Segou	2012-08-01	336.22222222222223
281	Mali	Segou	2012-09-01	333.27777777777777
282	Mali	Segou	2012-10-01	331.0
283	Mali	Segou	2012-11-01	315.5
284	Mali	Segou	2013-01-01	325.0
285	Mali	Segou	2013-02-01	325.0
286	Mali	Segou	2013-03-01	325.0
287	Mali	Segou	2013-04-01	325.0
288	Mali	Segou	2013-05-01	325.0
289	Mali	Segou	2013-06-01	325.0
290	Mali	Segou	2013-07-01	294.72687500000001
291	Mali	Segou	2013-08-01	298.66437500000001
292	Mali	Segou	2013-09-01	303.96875
293	Mali	Segou	2013-10-01	300.61111111111109
294	Mali	Segou	2013-11-01	296.0
295	Mali	Segou	2013-12-01	294.72222222222223
296	Mali	Segou	2014-01-01	298.60000000000002
297	Mali	Segou	2014-02-01	291.22222222222223
298	Mali	Segou	2014-03-01	291.5
299	Mali	Segou	2014-04-01	289.38888888888891
300	Mali	Segou	2014-05-01	299.07894736842104
301	Mali	Segou	2014-06-01	295.5263157894737
302	Mali	Segou	2014-07-01	292.68421052631578
303	Mali	Segou	2014-08-01	303.59473684210525
304	Mali	Segou	2014-09-01	322.19999999999999
305	Mali	Kayes	2007-01-01	303.125
306	Mali	Kayes	2007-02-01	303.47222222222223
307	Mali	Kayes	2007-03-01	300.0
308	Mali	Kayes	2007-04-01	303.57142857142856
309	Mali	Kayes	2007-05-01	304.58333333333331
310	Mali	Kayes	2007-06-01	306.77083333333331
311	Mali	Kayes	2007-07-01	313.54166666666669
312	Mali	Kayes	2007-08-01	314.39363636363635
313	Mali	Kayes	2007-09-01	313.63636363636363
314	Mali	Kayes	2007-10-01	314.77272727272725
315	Mali	Kayes	2007-11-01	315.90909090909093
316	Mali	Kayes	2007-12-01	316.5625
317	Mali	Kayes	2008-01-01	325.10416666666669
318	Mali	Kayes	2008-02-01	335.35692307692301
319	Mali	Kayes	2008-03-01	350.09615384615387
320	Mali	Kayes	2008-04-01	362.67333333333335
321	Mali	Kayes	2008-05-01	366.45833333333331
322	Mali	Kayes	2008-06-01	388.6875
323	Mali	Kayes	2008-07-01	402.70833333333331
324	Mali	Kayes	2008-08-01	402.60416666666669
325	Mali	Kayes	2008-09-01	404.27083333333331
326	Mali	Kayes	2008-10-01	400.56818181818181
327	Mali	Kayes	2008-11-01	409.46416666666664
328	Mali	Kayes	2008-12-01	405.56454545454545
329	Mali	Kayes	2009-01-01	411.14083333333338
330	Mali	Kayes	2009-02-01	409.00076923076927
331	Mali	Kayes	2009-03-01	406.07166666666666
332	Mali	Kayes	2009-04-01	383.17307692307691
333	Mali	Kayes	2009-05-01	378.125
334	Mali	Kayes	2009-06-01	375.22727272727275
335	Mali	Kayes	2009-07-01	376.375
336	Mali	Kayes	2009-08-01	376.09090909090907
337	Mali	Kayes	2009-09-01	365.22727272727275
338	Mali	Kayes	2009-10-01	365.76416666666665
339	Mali	Kayes	2009-11-01	368.6758333333334
340	Mali	Kayes	2009-12-01	367.08307692307693
341	Mali	Kayes	2010-01-01	375.41700000000003
342	Mali	Kayes	2010-02-01	375.6875
343	Mali	Kayes	2010-03-01	375.625
344	Mali	Kayes	2010-04-01	375.625
345	Mali	Kayes	2010-05-01	373.20375000000001
346	Mali	Kayes	2010-06-01	378.75
347	Mali	Kayes	2010-07-01	376.38888888888891
348	Mali	Kayes	2010-08-01	381.32714285714286
349	Mali	Kayes	2010-09-01	381.25
350	Mali	Kayes	2010-10-01	372.94444444444446
351	Mali	Kayes	2010-11-01	365.464
352	Mali	Kayes	2010-12-01	361.75
353	Mali	Kayes	2011-01-01	364.39999999999998
354	Mali	Kayes	2011-02-01	370.45454545454544
355	Mali	Kayes	2011-03-01	376.55818181818177
356	Mali	Kayes	2011-04-01	375.0
357	Mali	Kayes	2011-05-01	373.36363636363637
358	Mali	Kayes	2011-06-01	376.38888888888891
359	Mali	Kayes	2011-07-01	385.55555555555554
360	Mali	Kayes	2011-08-01	382.1875
361	Mali	Kayes	2011-09-01	394.28571428571428
362	Mali	Kayes	2011-10-01	396.96428571428572
363	Mali	Kayes	2011-12-01	500.0
364	Mali	Kayes	2012-01-01	500.0
365	Mali	Kayes	2012-02-01	492.5
366	Mali	Kayes	2012-03-01	475.0
367	Mali	Kayes	2012-04-01	487.5
368	Mali	Kayes	2012-05-01	491.66666666666669
369	Mali	Kayes	2012-06-01	434.375
370	Mali	Kayes	2012-07-01	452.875
371	Mali	Kayes	2012-08-01	439.71428571428572
372	Mali	Kayes	2012-09-01	427.125
373	Mali	Kayes	2012-10-01	467.33333333333331
374	Mali	Kayes	2012-11-01	468.66666666666669
375	Mali	Kayes	2013-01-01	529.69000000000005
376	Mali	Kayes	2013-02-01	518.75
377	Mali	Kayes	2013-03-01	516.66666666666663
378	Mali	Kayes	2013-04-01	500.0
379	Mali	Kayes	2013-05-01	495.0
380	Mali	Kayes	2013-06-01	496.0
381	Mali	Kayes	2013-07-01	423.11111111111109
382	Mali	Kayes	2013-08-01	423.22222222222223
383	Mali	Kayes	2013-09-01	437.57142857142856
384	Mali	Kayes	2013-10-01	437.57142857142856
385	Mali	Kayes	2013-11-01	414.875
386	Mali	Kayes	2013-12-01	409.375
387	Mali	Kayes	2014-01-01	419.44444444444446
388	Mali	Kayes	2014-02-01	407.14285714285717
389	Mali	Kayes	2014-03-01	428.57142857142856
390	Mali	Kayes	2014-04-01	376.30000000000001
391	Mali	Kayes	2014-05-01	380.98454545454547
392	Mali	Kayes	2014-06-01	381.27272727272725
393	Mali	Kayes	2014-07-01	390.25
394	Mali	Kayes	2014-08-01	386.5625
395	Mali	Kayes	2014-09-01	382.33333333333331
396	Mali	Sikasso	2007-01-01	266.53499999999997
397	Mali	Sikasso	2007-02-01	267.2525
398	Mali	Sikasso	2007-03-01	268.36374999999998
399	Mali	Sikasso	2007-04-01	269.77214285714285
400	Mali	Sikasso	2007-05-01	277.11687499999999
401	Mali	Sikasso	2007-06-01	275.88
402	Mali	Sikasso	2007-07-01	275.77235294117645
403	Mali	Sikasso	2007-08-01	276.34999999999997
404	Mali	Sikasso	2007-09-01	282.19611111111112
405	Mali	Sikasso	2007-10-01	281.66666666666669
406	Mali	Sikasso	2007-11-01	278.59722222222223
407	Mali	Sikasso	2007-12-01	276.4364705882353
408	Mali	Sikasso	2008-01-01	275.3411111111111
409	Mali	Sikasso	2008-02-01	283.27529411764709
410	Mali	Sikasso	2008-03-01	305.1129411764706
411	Mali	Sikasso	2008-04-01	323.25944444444445
412	Mali	Sikasso	2008-05-01	335.41352941176467
413	Mali	Sikasso	2008-06-01	365.86235294117648
414	Mali	Sikasso	2008-07-01	381.69444444444446
415	Mali	Sikasso	2008-08-01	378.33277777777778
416	Mali	Sikasso	2008-09-01	385.12222222222221
417	Mali	Sikasso	2008-10-01	384.00444444444446
418	Mali	Sikasso	2008-11-01	359.92666666666668
419	Mali	Sikasso	2008-12-01	360.42250000000001
420	Mali	Sikasso	2009-01-01	364.75
421	Mali	Sikasso	2009-02-01	363.25
422	Mali	Sikasso	2009-03-01	358.41000000000003
423	Mali	Sikasso	2009-04-01	343.03437500000001
424	Mali	Sikasso	2009-05-01	338.70000000000005
425	Mali	Sikasso	2009-06-01	341.48888888888888
426	Mali	Sikasso	2009-07-01	339.55555555555554
427	Mali	Sikasso	2009-08-01	337.49444444444441
428	Mali	Sikasso	2009-09-01	338.39285714285717
429	Mali	Sikasso	2009-10-01	327.77428571428572
430	Mali	Sikasso	2009-11-01	312.40000000000003
431	Mali	Sikasso	2009-12-01	310.04500000000002
432	Mali	Sikasso	2010-01-01	316.21846153846155
433	Mali	Sikasso	2010-02-01	317.30769230769232
434	Mali	Sikasso	2010-03-01	321.20117647058822
435	Mali	Sikasso	2010-04-01	323.64705882352939
436	Mali	Sikasso	2010-05-01	323.33333333333331
437	Mali	Sikasso	2010-06-01	322.82277777777773
438	Mali	Sikasso	2010-07-01	328.51388888888891
439	Mali	Sikasso	2010-08-01	326.41777777777781
440	Mali	Sikasso	2010-09-01	326.08333333333331
441	Mali	Sikasso	2010-10-01	324.96666666666664
442	Mali	Sikasso	2010-11-01	324.9661111111111
443	Mali	Sikasso	2010-12-01	323.20166666666665
444	Mali	Sikasso	2011-01-01	322.59722222222223
445	Mali	Sikasso	2011-02-01	329.52111111111111
446	Mali	Sikasso	2011-03-01	336.52333333333331
447	Mali	Sikasso	2011-04-01	341.55222222222221
448	Mali	Sikasso	2011-05-01	350.21666666666664
449	Mali	Sikasso	2011-06-01	356.51833333333332
450	Mali	Sikasso	2011-07-01	363.75444444444446
451	Mali	Sikasso	2011-08-01	371.6827777777778
452	Mali	Sikasso	2011-09-01	379.36611111111114
453	Mali	Sikasso	2011-10-01	378.23333333333335
454	Mali	Sikasso	2011-12-01	375.0
455	Mali	Sikasso	2012-01-01	375.0
456	Mali	Sikasso	2012-02-01	383.0
457	Mali	Sikasso	2012-03-01	383.1875
458	Mali	Sikasso	2012-04-01	397.5
459	Mali	Sikasso	2012-05-01	400.0
460	Mali	Sikasso	2012-06-01	389.55555555555554
461	Mali	Sikasso	2012-07-01	387.61111111111109
462	Mali	Sikasso	2012-08-01	383.11111111111109
463	Mali	Sikasso	2012-09-01	379.33333333333331
464	Mali	Sikasso	2012-10-01	370.0
465	Mali	Sikasso	2012-11-01	347.25
466	Mali	Sikasso	2012-12-01	358.0
467	Mali	Sikasso	2013-01-01	346.25
468	Mali	Sikasso	2013-02-01	348.4375
469	Mali	Sikasso	2013-03-01	348.5
470	Mali	Sikasso	2013-04-01	347.75
471	Mali	Sikasso	2013-05-01	348.25
472	Mali	Sikasso	2013-06-01	348.5
473	Mali	Sikasso	2013-07-01	342.44444444444446
474	Mali	Sikasso	2013-08-01	343.66666666666669
475	Mali	Sikasso	2013-09-01	344.44444444444446
476	Mali	Sikasso	2013-10-01	346.61111111111109
477	Mali	Sikasso	2013-11-01	342.0
478	Mali	Sikasso	2013-12-01	341.11111111111109
479	Mali	Sikasso	2014-01-01	342.27777777777777
480	Mali	Sikasso	2014-02-01	337.55555555555554
481	Mali	Sikasso	2014-03-01	343.94117647058823
482	Mali	Sikasso	2014-04-01	338.88888888888891
483	Mali	Sikasso	2014-05-01	375.51888888888891
484	Mali	Sikasso	2014-06-01	377.27777777777777
485	Mali	Sikasso	2014-07-01	380.11111111111109
486	Mali	Sikasso	2014-08-01	373.22277777777776
487	Mali	Sikasso	2014-09-01	376.11111111111109
488	Mali	Tombouctou	2007-01-01	233.43800000000002
489	Mali	Tombouctou	2007-02-01	242.07799999999997
490	Mali	Tombouctou	2007-03-01	241.65000000000001
491	Mali	Tombouctou	2007-04-01	253.0
492	Mali	Tombouctou	2007-05-01	264.0
493	Mali	Tombouctou	2007-06-01	268.416
494	Mali	Tombouctou	2007-07-01	265.33800000000002
495	Mali	Tombouctou	2007-08-01	265.0
496	Mali	Tombouctou	2007-09-01	262.95799999999997
497	Mali	Tombouctou	2007-10-01	258.69999999999999
498	Mali	Tombouctou	2007-11-01	254.96999999999997
499	Mali	Tombouctou	2007-12-01	248.80000000000001
500	Mali	Tombouctou	2008-01-01	254.68800000000002
501	Mali	Tombouctou	2008-02-01	267.57833333333332
502	Mali	Tombouctou	2008-03-01	281.63600000000002
503	Mali	Tombouctou	2008-04-01	293.14999999999998
504	Mali	Tombouctou	2008-05-01	298.8125
505	Mali	Tombouctou	2008-06-01	309.90750000000003
506	Mali	Tombouctou	2008-07-01	344.53399999999999
507	Mali	Tombouctou	2008-08-01	356.5
508	Mali	Tombouctou	2008-09-01	373.87600000000003
509	Mali	Tombouctou	2008-10-01	328.0
510	Mali	Tombouctou	2008-11-01	292.94999999999999
511	Mali	Tombouctou	2008-12-01	281.5
512	Mali	Tombouctou	2009-01-01	291.19999999999999
513	Mali	Tombouctou	2009-02-01	300.25
514	Mali	Tombouctou	2009-03-01	302.31999999999999
515	Mali	Tombouctou	2009-04-01	300.75
516	Mali	Tombouctou	2009-05-01	297.85000000000002
517	Mali	Tombouctou	2009-06-01	304.75
518	Mali	Tombouctou	2009-07-01	313.125
519	Mali	Tombouctou	2009-08-01	335.5
520	Mali	Tombouctou	2009-09-01	334.0
521	Mali	Tombouctou	2009-10-01	295.76999999999998
522	Mali	Tombouctou	2009-11-01	278.87600000000003
523	Mali	Tombouctou	2009-12-01	279.87600000000003
524	Mali	Tombouctou	2010-01-01	282.19999999999999
525	Mali	Tombouctou	2010-02-01	283.5
526	Mali	Tombouctou	2010-03-01	282.0
527	Mali	Tombouctou	2010-04-01	281.75
528	Mali	Tombouctou	2010-05-01	288.33249999999998
529	Mali	Tombouctou	2010-06-01	284.54250000000002
530	Mali	Tombouctou	2010-07-01	278.95749999999998
531	Mali	Tombouctou	2010-08-01	277.08249999999998
532	Mali	Tombouctou	2010-09-01	276.25
533	Mali	Tombouctou	2010-10-01	278.0
534	Mali	Tombouctou	2010-11-01	268.75
535	Mali	Tombouctou	2010-12-01	256.66666666666669
536	Mali	Tombouctou	2011-01-01	267.5
537	Mali	Tombouctou	2011-02-01	267.5
538	Mali	Tombouctou	2011-03-01	272.8125
539	Mali	Tombouctou	2011-04-01	279.375
540	Mali	Tombouctou	2011-05-01	293.33249999999998
541	Mali	Tombouctou	2011-06-01	307.03250000000003
542	Mali	Tombouctou	2011-07-01	314.99000000000001
543	Mali	Tombouctou	2011-08-01	334.07499999999999
544	Mali	Tombouctou	2011-09-01	333.125
545	Mali	Tombouctou	2011-10-01	361.74333333333334
546	Mali	Tombouctou	2011-11-01	350.0
547	Mali	Tombouctou	2011-12-01	350.0
548	Mali	Tombouctou	2012-01-01	358.0
549	Mali	Tombouctou	2012-02-01	360.0
550	Mali	Tombouctou	2012-03-01	366.25
551	Mali	Tombouctou	2012-04-01	385.0
552	Mali	Tombouctou	2013-11-01	305.0
553	Mali	Tombouctou	2013-12-01	299.0
554	Mali	Tombouctou	2014-01-01	240.0
555	Mali	Tombouctou	2014-02-01	281.0
556	Mali	Tombouctou	2014-03-01	263.66666666666669
557	Mali	Tombouctou	2014-04-01	266.33333333333331
558	Mali	Tombouctou	2014-05-01	262.0
559	Mali	Tombouctou	2014-06-01	262.0
560	Mali	Tombouctou	2014-07-01	288.25
561	Mali	Tombouctou	2014-08-01	295.3125
562	Mali	Tombouctou	2014-09-01	307.25
563	Mali	Mopti	2007-01-01	279.31333333333328
564	Mali	Mopti	2007-02-01	278.66555555555556
565	Mali	Mopti	2007-03-01	276.70888888888891
566	Mali	Mopti	2007-04-01	279.77666666666664
567	Mali	Mopti	2007-05-01	284.97777777777782
568	Mali	Mopti	2007-06-01	285.68888888888887
569	Mali	Mopti	2007-07-01	292.37625000000003
570	Mali	Mopti	2007-08-01	287.61111111111109
571	Mali	Mopti	2007-09-01	284.03111111111116
572	Mali	Mopti	2007-10-01	278.68111111111114
573	Mali	Mopti	2007-11-01	281.42555555555555
574	Mali	Mopti	2007-12-01	281.01666666666665
575	Mali	Mopti	2008-01-01	284.13111111111112
576	Mali	Mopti	2008-02-01	286.2255555555555
577	Mali	Mopti	2008-03-01	293.68444444444441
578	Mali	Mopti	2008-04-01	316.5888888888889
579	Mali	Mopti	2008-05-01	338.10999999999996
580	Mali	Mopti	2008-06-01	338.20999999999998
581	Mali	Mopti	2008-07-01	345.81444444444446
582	Mali	Mopti	2008-08-01	371.06600000000003
583	Mali	Mopti	2008-09-01	382.53800000000001
584	Mali	Mopti	2008-10-01	380.19299999999998
585	Mali	Mopti	2008-11-01	364.41500000000002
586	Mali	Mopti	2008-12-01	355.43666666666672
587	Mali	Mopti	2009-01-01	354.64999999999998
588	Mali	Mopti	2009-02-01	356.91666666666669
589	Mali	Mopti	2009-03-01	356.32555555555558
590	Mali	Mopti	2009-04-01	355.35444444444443
591	Mali	Mopti	2009-05-01	356.83333333333331
592	Mali	Mopti	2009-06-01	356.13888888888891
593	Mali	Mopti	2009-07-01	354.62666666666672
594	Mali	Mopti	2009-08-01	353.78666666666663
595	Mali	Mopti	2009-09-01	353.34333333333336
596	Mali	Mopti	2009-10-01	346.11555555555555
597	Mali	Mopti	2009-11-01	345.87888888888887
598	Mali	Mopti	2009-12-01	344.32888888888891
599	Mali	Mopti	2010-01-01	343.88299999999998
600	Mali	Mopti	2010-02-01	344.52499999999998
601	Mali	Mopti	2010-03-01	312.58249999999998
602	Mali	Mopti	2010-04-01	342.25625000000002
603	Mali	Mopti	2010-05-01	343.33375000000001
604	Mali	Mopti	2010-06-01	342.11500000000001
605	Mali	Mopti	2010-07-01	339.59500000000003
606	Mali	Mopti	2010-08-01	339.375
607	Mali	Mopti	2010-09-01	339.3125
608	Mali	Mopti	2010-10-01	338.29500000000002
609	Mali	Mopti	2010-11-01	339.29142857142858
610	Mali	Mopti	2010-12-01	342.68000000000001
611	Mali	Mopti	2011-01-01	332.82714285714286
612	Mali	Mopti	2011-02-01	333.37285714285719
613	Mali	Mopti	2011-03-01	330.59000000000003
614	Mali	Mopti	2011-04-01	333.0057142857143
615	Mali	Mopti	2011-05-01	341.25999999999993
616	Mali	Mopti	2011-06-01	342.66142857142859
617	Mali	Mopti	2011-07-01	344.35571428571427
618	Mali	Mopti	2011-08-01	344.56428571428569
619	Mali	Mopti	2011-09-01	346.57142857142856
620	Mali	Mopti	2011-10-01	370.45125000000002
621	Mali	Mopti	2011-11-01	387.5
622	Mali	Mopti	2011-12-01	400.0
623	Mali	Mopti	2012-01-01	370.25
624	Mali	Mopti	2012-02-01	370.25
625	Mali	Mopti	2012-03-01	378.14999999999998
626	Mali	Mopti	2012-04-01	406.565
627	Mali	Mopti	2012-05-01	424.75
628	Mali	Mopti	2012-06-01	402.71428571428572
629	Mali	Mopti	2012-07-01	386.85714285714283
630	Mali	Mopti	2012-08-01	373.11111111111109
631	Mali	Mopti	2012-09-01	370.55555555555554
632	Mali	Mopti	2012-10-01	353.75
633	Mali	Mopti	2012-11-01	347.5
634	Mali	Mopti	2013-01-01	304.5
635	Mali	Mopti	2013-02-01	314.33333333333331
636	Mali	Mopti	2013-03-01	314.33333333333331
637	Mali	Mopti	2013-04-01	314.33333333333331
638	Mali	Mopti	2013-05-01	314.33333333333331
639	Mali	Mopti	2013-06-01	314.33333333333331
640	Mali	Mopti	2013-07-01	326.87222222222221
641	Mali	Mopti	2013-08-01	330.017
642	Mali	Mopti	2013-09-01	322.22222222222223
643	Mali	Mopti	2013-10-01	324.19999999999999
644	Mali	Mopti	2013-11-01	325.69999999999999
645	Mali	Mopti	2013-12-01	326.36363636363637
646	Mali	Mopti	2014-01-01	329.0
647	Mali	Mopti	2014-02-01	337.18181818181819
648	Mali	Mopti	2014-03-01	336.60000000000002
649	Mali	Mopti	2014-04-01	337.5
650	Mali	Mopti	2014-05-01	338.12090909090909
651	Mali	Mopti	2014-06-01	339.18181818181819
652	Mali	Mopti	2014-07-01	343.72727272727275
653	Mali	Mopti	2014-08-01	340.31818181818181
654	Mali	Mopti	2014-09-01	344.60000000000002
655	Mali	Kidal	2007-01-01	350.0
656	Mali	Kidal	2007-02-01	350.0
657	Mali	Kidal	2007-03-01	350.0
658	Mali	Kidal	2007-04-01	342.78499999999997
659	Mali	Kidal	2007-05-01	340.625
660	Mali	Kidal	2007-06-01	350.0
661	Mali	Kidal	2007-07-01	350.0
662	Mali	Kidal	2007-08-01	369.66499999999996
663	Mali	Kidal	2007-09-01	367.85500000000002
664	Mali	Kidal	2007-10-01	366.66499999999996
665	Mali	Kidal	2007-11-01	362.5
666	Mali	Kidal	2007-12-01	371.875
667	Mali	Kidal	2008-01-01	355.0
668	Mali	Kidal	2008-02-01	371.33500000000004
669	Mali	Kidal	2008-03-01	381.0
670	Mali	Kidal	2008-04-01	381.25
671	Mali	Kidal	2008-05-01	393.75
672	Mali	Kidal	2008-06-01	395.75
673	Mali	Kidal	2008-07-01	398.75
674	Mali	Kidal	2008-08-01	400.0
675	Mali	Kidal	2008-09-01	403.125
676	Mali	Kidal	2008-10-01	407.19
677	Mali	Kidal	2008-11-01	427.66499999999996
678	Mali	Kidal	2008-12-01	447.5
679	Mali	Kidal	2009-01-01	438.84000000000003
680	Mali	Kidal	2009-02-01	475.0
681	Mali	Kidal	2009-03-01	490.0
682	Mali	Kidal	2009-04-01	412.94499999999999
683	Mali	Kidal	2009-05-01	412.25
684	Mali	Kidal	2009-06-01	421.875
685	Mali	Kidal	2009-07-01	425.0
686	Mali	Kidal	2009-08-01	396.0
687	Mali	Kidal	2009-09-01	412.5
688	Mali	Kidal	2009-10-01	400.0
689	Mali	Kidal	2009-11-01	441.30000000000001
690	Mali	Kidal	2009-12-01	442.5
691	Mali	Kidal	2010-01-01	439.16499999999996
692	Mali	Kidal	2010-02-01	431.46000000000004
693	Mali	Kidal	2010-03-01	438.96000000000004
694	Mali	Kidal	2010-04-01	409.375
695	Mali	Kidal	2010-05-01	380.0
696	Mali	Kidal	2010-06-01	335.0
697	Mali	Kidal	2010-07-01	350.0
698	Mali	Kidal	2010-08-01	358.0
699	Mali	Kidal	2010-09-01	358.125
700	Mali	Kidal	2010-10-01	353.16499999999996
701	Mali	Kidal	2010-11-01	340.625
702	Mali	Kidal	2010-12-01	343.75
703	Mali	Kidal	2011-01-01	417.5
704	Mali	Kidal	2011-02-01	450.0
705	Mali	Kidal	2011-03-01	455.0
706	Mali	Kidal	2011-04-01	475.625
707	Mali	Kidal	2011-05-01	469.5
708	Mali	Kidal	2011-06-01	447.5
709	Mali	Kidal	2011-07-01	447.0
710	Mali	Kidal	2011-08-01	450.0
711	Mali	Kidal	2011-09-01	465.0
712	Mali	Kidal	2011-10-01	465.0
713	Mali	Kidal	2011-12-01	480.0
714	Mali	Kidal	2012-01-01	496.0
715	Mali	Kidal	2012-02-01	500.0
716	Mali	Kidal	2012-03-01	500.0
717	Mali	Koulikoro	2007-01-01	275.80545454545455
718	Mali	Koulikoro	2007-02-01	278.3125
719	Mali	Koulikoro	2007-03-01	279.16666666666669
720	Mali	Koulikoro	2007-04-01	282.73583333333335
721	Mali	Koulikoro	2007-05-01	288.06818181818181
722	Mali	Koulikoro	2007-06-01	289.09090909090907
723	Mali	Koulikoro	2007-07-01	284.65909090909093
724	Mali	Koulikoro	2007-08-01	284.18909090909091
725	Mali	Koulikoro	2007-09-01	289.28181818181815
726	Mali	Koulikoro	2007-10-01	287.65181818181821
727	Mali	Koulikoro	2007-11-01	281.43181818181819
728	Mali	Koulikoro	2007-12-01	279.72727272727275
729	Mali	Koulikoro	2008-01-01	288.56818181818181
730	Mali	Koulikoro	2008-02-01	306.10416666666669
731	Mali	Koulikoro	2008-03-01	321.73333333333329
732	Mali	Koulikoro	2008-04-01	338.875
733	Mali	Koulikoro	2008-05-01	351.4666666666667
734	Mali	Koulikoro	2008-06-01	377.7166666666667
735	Mali	Koulikoro	2008-07-01	388.20833333333331
736	Mali	Koulikoro	2008-08-01	386.85249999999996
737	Mali	Koulikoro	2008-09-01	386.20833333333331
738	Mali	Koulikoro	2008-10-01	395.38749999999999
739	Mali	Koulikoro	2008-11-01	361.0625
740	Mali	Koulikoro	2008-12-01	362.54166666666669
741	Mali	Koulikoro	2009-01-01	365.54166666666669
742	Mali	Koulikoro	2009-02-01	367.91666666666669
743	Mali	Koulikoro	2009-03-01	362.02500000000003
744	Mali	Koulikoro	2009-04-01	347.5
745	Mali	Koulikoro	2009-05-01	344.43181818181819
746	Mali	Koulikoro	2009-06-01	345.47727272727275
747	Mali	Koulikoro	2009-07-01	341.66666666666669
748	Mali	Koulikoro	2009-08-01	344.82666666666665
749	Mali	Koulikoro	2009-09-01	345.35857142857145
750	Mali	Koulikoro	2009-10-01	339.40916666666664
751	Mali	Koulikoro	2009-11-01	322.91666666666669
752	Mali	Koulikoro	2009-12-01	323.50363636363636
753	Mali	Koulikoro	2010-01-01	324.31818181818181
754	Mali	Koulikoro	2010-02-01	333.25
755	Mali	Koulikoro	2010-03-01	334.83571428571429
756	Mali	Koulikoro	2010-04-01	329.48545454545456
757	Mali	Koulikoro	2010-05-01	325.68181818181819
758	Mali	Koulikoro	2010-06-01	331.58363636363634
759	Mali	Koulikoro	2010-07-01	332.13090909090909
760	Mali	Koulikoro	2010-08-01	331.35454545454547
761	Mali	Koulikoro	2010-09-01	331.72727272727275
762	Mali	Koulikoro	2010-10-01	330.30272727272728
763	Mali	Koulikoro	2010-11-01	329.54545454545456
764	Mali	Koulikoro	2010-12-01	324.89909090909089
765	Mali	Koulikoro	2011-01-01	327.45000000000005
766	Mali	Koulikoro	2011-02-01	335.33800000000002
767	Mali	Koulikoro	2011-03-01	340.25
768	Mali	Koulikoro	2011-04-01	349.78111111111116
769	Mali	Koulikoro	2011-05-01	360.97222222222223
770	Mali	Koulikoro	2011-06-01	370.68181818181819
771	Mali	Koulikoro	2011-07-01	371.18181818181819
772	Mali	Koulikoro	2011-08-01	381.65909090909093
773	Mali	Koulikoro	2011-09-01	389.20454545454544
774	Mali	Koulikoro	2011-10-01	386.13636363636363
775	Mali	Koulikoro	2011-12-01	387.5
776	Mali	Koulikoro	2012-01-01	384.375
777	Mali	Koulikoro	2012-02-01	392.1875
778	Mali	Koulikoro	2012-03-01	396.875
779	Mali	Koulikoro	2012-04-01	407.5
780	Mali	Koulikoro	2012-05-01	412.5
781	Mali	Koulikoro	2012-06-01	407.27272727272725
782	Mali	Koulikoro	2012-07-01	380.39999999999998
783	Mali	Koulikoro	2012-08-01	377.0
784	Mali	Koulikoro	2012-09-01	380.0
785	Mali	Koulikoro	2012-10-01	375.0
786	Mali	Koulikoro	2012-11-01	362.5
787	Mali	Koulikoro	2013-01-01	362.5
788	Mali	Koulikoro	2013-02-01	362.5
789	Mali	Koulikoro	2013-03-01	362.5
790	Mali	Koulikoro	2013-04-01	362.5
791	Mali	Koulikoro	2013-05-01	362.5
792	Mali	Koulikoro	2013-06-01	362.5
793	Mali	Koulikoro	2013-07-01	358.97727272727275
794	Mali	Koulikoro	2013-08-01	355.29090909090905
795	Mali	Koulikoro	2013-09-01	359.09090909090907
796	Mali	Koulikoro	2013-10-01	358.81818181818181
797	Mali	Koulikoro	2013-11-01	357.90909090909093
798	Mali	Koulikoro	2013-12-01	354.81818181818181
799	Mali	Koulikoro	2014-01-01	354.18181818181819
800	Mali	Koulikoro	2014-02-01	354.18181818181819
801	Mali	Koulikoro	2014-03-01	348.18181818181819
802	Mali	Koulikoro	2014-04-01	350.0
803	Mali	Koulikoro	2014-05-01	353.13636363636363
804	Mali	Koulikoro	2014-06-01	353.23076923076923
805	Mali	Koulikoro	2014-07-01	351.07142857142856
806	Mali	Koulikoro	2014-08-01	353.85714285714283
807	Mali	Koulikoro	2014-09-01	358.84615384615387
808	Liberia	Bomi	2006-04-01	1112.5
809	Liberia	Bomi	2006-06-01	1387.5
810	Liberia	Bomi	2006-08-01	1412.5
811	Liberia	Bomi	2006-10-01	1327.5
812	Liberia	Bomi	2007-03-01	1412.5
813	Liberia	Bomi	2007-04-01	1387.5
814	Liberia	Bomi	2007-05-01	1417.5
815	Liberia	Bomi	2007-08-01	1455.0
816	Liberia	Bomi	2007-09-01	1455.0
817	Liberia	Bomi	2007-10-01	1480.0
818	Liberia	Bomi	2007-11-01	1700.0
819	Liberia	Bomi	2007-12-01	1650.0
820	Liberia	Bomi	2008-01-01	1800.0
821	Liberia	Bomi	2008-02-01	1850.0
822	Liberia	Bomi	2008-03-01	1800.0
823	Liberia	Bomi	2009-01-01	2927.0
824	Liberia	Bomi	2009-02-01	2502.5
825	Liberia	Bomi	2009-03-01	2560.4166500000001
826	Liberia	Bomi	2009-04-01	2750.0
827	Liberia	Bomi	2009-05-01	1913.0
828	Liberia	Bomi	2009-06-01	2300.0
829	Liberia	Bomi	2009-07-01	1850.0
830	Liberia	Bomi	2009-08-01	1800.0
831	Liberia	Bomi	2009-09-01	2300.0
832	Liberia	Bomi	2009-10-01	2293.0
833	Liberia	Bomi	2009-11-01	2086.4583499999999
834	Liberia	Bomi	2009-12-01	2088.3333499999999
835	Liberia	Bomi	2010-01-01	1937.5
836	Liberia	Bomi	2010-02-01	1957.5
837	Liberia	Bomi	2010-03-01	1670.625
838	Liberia	Bomi	2010-04-01	1746.7856999999999
839	Liberia	Bomi	2010-05-01	1860.8333499999999
840	Liberia	Bomi	2010-06-01	1863.3333499999999
841	Liberia	Bomi	2010-07-01	2125.0
842	Liberia	Bomi	2010-08-01	2100.0
843	Liberia	Bomi	2010-09-01	2141.6666500000001
844	Liberia	Bomi	2010-10-01	2083.3332999999998
845	Liberia	Bomi	2010-11-01	2000.0
846	Liberia	Bomi	2010-12-01	1675.0
847	Liberia	Bomi	2011-01-01	2122.0
848	Liberia	Bomi	2011-02-01	2085.0
849	Liberia	Bomi	2011-03-01	2100.0
850	Liberia	Bomi	2011-04-01	2400.0
851	Liberia	Bomi	2011-05-01	2142.0
852	Liberia	Bomi	2011-06-01	2150.0
853	Liberia	Bomi	2011-07-01	2100.0
854	Liberia	Bomi	2011-08-01	1872.5
855	Liberia	Bomi	2011-09-01	2532.2916500000001
856	Liberia	Bomi	2011-10-01	2600.0
857	Liberia	Bomi	2011-12-01	2666.5
858	Liberia	Bomi	2012-01-01	2854.5833499999999
859	Liberia	Bomi	2012-02-01	2767.5
860	Liberia	Bomi	2012-03-01	2602.5
861	Liberia	Bomi	2012-05-01	3133.0
862	Liberia	Bomi	2012-06-01	2475.0
863	Liberia	Bomi	2012-07-01	2619.5
864	Liberia	Bomi	2012-08-01	3108.5
865	Liberia	Bomi	2012-09-01	3086.80555
866	Liberia	Bomi	2012-10-01	2880.5
867	Liberia	Bomi	2012-11-01	2741.8333499999999
868	Liberia	Bomi	2012-12-01	2715.0
869	Liberia	Bomi	2013-01-01	2221.4285500000001
870	Liberia	Bomi	2013-03-01	2465.0
871	Liberia	Bomi	2013-04-01	2233.3333499999999
872	Liberia	Bomi	2013-05-01	2210.0
873	Liberia	Bomi	2013-06-01	2271.0
874	Liberia	Bomi	2013-07-01	2442.5833499999999
875	Liberia	Bomi	2013-08-01	2301.4166500000001
876	Liberia	Bomi	2013-09-01	2777.0
877	Liberia	Bomi	2013-10-01	2736.1111000000001
878	Liberia	Bomi	2013-11-01	2683.3332999999998
879	Liberia	Bomi	2013-12-01	2694.3333499999999
880	Liberia	Bomi	2014-01-01	2480.2777999999998
881	Liberia	Bomi	2014-02-01	2482.6388499999998
882	Liberia	Bomi	2014-03-01	2294.44445
883	Liberia	Bomi	2014-04-01	2311.1111000000001
884	Liberia	Bomi	2014-05-01	2295.8333499999999
885	Liberia	Bomi	2014-06-01	2425.0
886	Liberia	Bomi	2014-07-01	2789.0
887	Liberia	Bomi	2014-08-01	3100.0
888	Liberia	Bomi	2014-09-01	3116.6666500000001
889	Liberia	Bomi	2014-10-01	2887.5
890	Liberia	Bong	2006-04-01	1750.0
891	Liberia	Bong	2006-05-01	1725.0
892	Liberia	Bong	2006-06-01	1725.0
893	Liberia	Bong	2006-07-01	1425.0
894	Liberia	Bong	2006-09-01	1650.0
895	Liberia	Bong	2007-03-01	1475.0
896	Liberia	Bong	2007-04-01	1475.0
897	Liberia	Bong	2007-05-01	1475.0
898	Liberia	Bong	2007-08-01	1537.5
899	Liberia	Bong	2007-09-01	1537.5
900	Liberia	Bong	2007-10-01	1620.0
901	Liberia	Bong	2007-11-01	1700.0
902	Liberia	Bong	2007-12-01	1740.0
903	Liberia	Bong	2008-01-01	1900.0
904	Liberia	Bong	2008-02-01	1750.0
905	Liberia	Bong	2008-03-01	1900.0
906	Liberia	Bong	2009-01-01	2356.0
907	Liberia	Bong	2009-02-01	2200.0
908	Liberia	Bong	2009-03-01	2153.0
909	Liberia	Bong	2009-04-01	2075.0
910	Liberia	Bong	2009-05-01	1956.0
911	Liberia	Bong	2009-06-01	2350.0
912	Liberia	Bong	2009-07-01	2064.0
913	Liberia	Bong	2009-08-01	2063.0
914	Liberia	Bong	2009-09-01	2296.0
915	Liberia	Bong	2009-10-01	2287.0
916	Liberia	Bong	2009-11-01	2157.0833499999999
917	Liberia	Bong	2009-12-01	2020.8333500000001
918	Liberia	Bong	2010-01-01	1939.1667
919	Liberia	Bong	2010-02-01	1844.375
920	Liberia	Bong	2010-03-01	1923.6979000000001
921	Liberia	Bong	2010-04-01	1989.2856999999999
922	Liberia	Bong	2010-05-01	2162.5
923	Liberia	Bong	2010-07-01	2064.375
924	Liberia	Bong	2010-08-01	2131.25
925	Liberia	Bong	2010-09-01	2264.8809499999998
926	Liberia	Bong	2010-10-01	2340.7143000000001
927	Liberia	Bong	2010-11-01	2329.1667000000002
928	Liberia	Bong	2010-12-01	2150.0
929	Liberia	Bong	2011-01-01	2325.0
930	Liberia	Bong	2011-02-01	2300.0
931	Liberia	Bong	2011-03-01	2269.7916500000001
932	Liberia	Bong	2011-04-01	2260.0
933	Liberia	Bong	2011-05-01	2275.0
934	Liberia	Bong	2011-06-01	2275.0
935	Liberia	Bong	2011-07-01	2700.0
936	Liberia	Bong	2011-08-01	2671.6666500000001
937	Liberia	Bong	2011-09-01	2975.8332999999998
938	Liberia	Bong	2012-01-01	2940.0
939	Liberia	Bong	2012-03-01	2904.1666500000001
940	Liberia	Bong	2012-04-01	2895.3333499999999
941	Liberia	Bong	2012-05-01	2665.9166500000001
942	Liberia	Bong	2012-06-01	2766.25
943	Liberia	Bong	2012-07-01	2546.6666500000001
944	Liberia	Bong	2012-08-01	2786.5
945	Liberia	Bong	2012-09-01	2676.9643000000001
946	Liberia	Bong	2012-10-01	2790.8333499999999
947	Liberia	Bong	2012-11-01	2617.5
948	Liberia	Bong	2012-12-01	2845.8333499999999
949	Liberia	Bong	2013-01-01	2308.3333499999999
950	Liberia	Bong	2013-02-01	2662.5
951	Liberia	Bong	2013-03-01	2457.75
952	Liberia	Bong	2013-04-01	2473.75
953	Liberia	Bong	2013-05-01	2560.0
954	Liberia	Bong	2013-06-01	2550.0
955	Liberia	Bong	2013-07-01	2452.8125
956	Liberia	Bong	2013-08-01	2480.5
957	Liberia	Bong	2013-09-01	2642.375
958	Liberia	Bong	2013-10-01	2525.0
959	Liberia	Bong	2013-12-01	2750.0
960	Liberia	Bong	2014-01-01	2489.2856999999999
961	Liberia	Bong	2014-07-01	2800.0
962	Liberia	Bong	2014-08-01	3000.0
963	Liberia	Lofa	2006-04-01	37.5
964	Liberia	Lofa	2006-05-01	1550.0
965	Liberia	Lofa	2006-06-01	1550.0
966	Liberia	Lofa	2006-08-01	1550.0
967	Liberia	Lofa	2006-10-01	1775.0
968	Liberia	Lofa	2007-03-01	1600.0
969	Liberia	Lofa	2007-04-01	1600.0
970	Liberia	Lofa	2007-05-01	1750.0
971	Liberia	Lofa	2007-08-01	1750.0
972	Liberia	Lofa	2007-09-01	1850.0
973	Liberia	Lofa	2007-10-01	1700.0
974	Liberia	Lofa	2007-11-01	1700.0
975	Liberia	Lofa	2008-01-01	1600.0
976	Liberia	Lofa	2008-02-01	1600.0
977	Liberia	Lofa	2008-03-01	1750.0
978	Liberia	Lofa	2009-02-01	2650.0
979	Liberia	Lofa	2009-03-01	2642.0
980	Liberia	Lofa	2009-04-01	2567.0
981	Liberia	Lofa	2009-05-01	2467.0
982	Liberia	Lofa	2009-06-01	2500.0
983	Liberia	Lofa	2009-07-01	3575.0
984	Liberia	Lofa	2009-08-01	3625.0
985	Liberia	Lofa	2009-09-01	2715.0
986	Liberia	Lofa	2009-10-01	2775.0
987	Liberia	Lofa	2009-11-01	2553.1944333333336
988	Liberia	Lofa	2009-12-01	2572.2222333333334
989	Liberia	Lofa	2010-01-01	2595.8333333333335
990	Liberia	Lofa	2010-02-01	2483.3333333333335
991	Liberia	Lofa	2010-03-01	2275.0
992	Liberia	Lofa	2010-04-01	2308.3332999999998
993	Liberia	Lofa	2010-05-01	2366.6666500000001
994	Liberia	Lofa	2010-06-01	2736.1111000000001
995	Liberia	Lofa	2010-07-01	2786.1111000000001
996	Liberia	Lofa	2010-08-01	2812.5
997	Liberia	Lofa	2010-09-01	2801.3888999999999
998	Liberia	Lofa	2010-10-01	2810.4166666666665
999	Liberia	Lofa	2010-11-01	2404.1667000000002
1000	Liberia	Lofa	2011-04-01	2667.0
1001	Liberia	Lofa	2011-06-01	2800.0
1002	Liberia	Lofa	2011-07-01	2945.8333499999999
1003	Liberia	Lofa	2011-08-01	2986.1111333333333
1004	Liberia	Lofa	2011-09-01	3041.6666500000001
1005	Liberia	Lofa	2011-10-01	3181.4814999999999
1006	Liberia	Lofa	2011-11-01	3158.3333333333335
1007	Liberia	Lofa	2011-12-01	3188.8888666666667
1008	Liberia	Lofa	2012-02-01	3057.1666500000001
1009	Liberia	Lofa	2012-03-01	2971.0
1010	Liberia	Lofa	2012-04-01	3064.0
1011	Liberia	Lofa	2012-06-01	3013.8888999999999
1012	Liberia	Lofa	2012-07-01	2848.9583250000001
1013	Liberia	Lofa	2012-08-01	3049.7916500000001
1014	Liberia	Lofa	2012-09-01	3140.6250250000003
1015	Liberia	Lofa	2012-10-01	3005.5
1016	Liberia	Lofa	2012-11-01	2902.1666500000001
1017	Liberia	Lofa	2012-12-01	2607.9583499999999
1018	Liberia	Lofa	2013-01-01	2580.1388999999999
1019	Liberia	Lofa	2013-02-01	2712.8333250000001
1020	Liberia	Lofa	2013-03-01	2775.3333250000001
1021	Liberia	Lofa	2013-04-01	2688.1666500000001
1022	Liberia	Lofa	2013-05-01	2783.375
1023	Liberia	Lofa	2013-06-01	3111.0
1024	Liberia	Lofa	2013-07-01	3111.5416749999999
1025	Liberia	Lofa	2013-08-01	2863.8333499999999
1026	Liberia	Lofa	2013-09-01	2915.9166749999999
1027	Liberia	Lofa	2013-10-01	2953.125
1028	Liberia	Lofa	2013-11-01	2802.0833499999999
1029	Liberia	Lofa	2013-12-01	2975.0
1030	Liberia	Lofa	2014-01-01	2961.1111333333333
1031	Liberia	Lofa	2014-02-01	2547.222225
1032	Liberia	Lofa	2014-03-01	2804.8611000000001
1033	Liberia	Lofa	2014-04-01	2969.44445
1034	Liberia	Lofa	2014-05-01	2988.8888499999998
1035	Liberia	Lofa	2014-06-01	2943.05555
1036	Liberia	Lofa	2014-07-01	3250.0
1037	Liberia	Lofa	2014-08-01	3567.5
1038	Liberia	Grand Gedeh	2006-04-01	1450.0
1039	Liberia	Grand Gedeh	2006-05-01	1450.0
1040	Liberia	Grand Gedeh	2006-06-01	1450.0
1041	Liberia	Grand Gedeh	2006-07-01	1450.0
1042	Liberia	Grand Gedeh	2006-08-01	1775.0
1043	Liberia	Grand Gedeh	2006-09-01	1875.0
1044	Liberia	Grand Gedeh	2006-10-01	2075.0
1045	Liberia	Grand Gedeh	2006-12-01	1825.0
1046	Liberia	Grand Gedeh	2007-03-01	1775.0
1047	Liberia	Grand Gedeh	2007-04-01	1775.0
1048	Liberia	Grand Gedeh	2007-05-01	1775.0
1049	Liberia	Grand Gedeh	2007-08-01	1825.0
1050	Liberia	Grand Gedeh	2007-09-01	1825.0
1051	Liberia	Grand Gedeh	2007-10-01	2200.0
1052	Liberia	Grand Gedeh	2007-11-01	2100.0
1053	Liberia	Grand Gedeh	2007-12-01	2000.0
1054	Liberia	Grand Gedeh	2008-01-01	2000.0
1055	Liberia	Grand Gedeh	2008-02-01	2200.0
1056	Liberia	Grand Gedeh	2008-03-01	2200.0
1057	Liberia	Grand Gedeh	2009-01-01	2617.0
1058	Liberia	Grand Gedeh	2009-02-01	2667.0
1059	Liberia	Grand Gedeh	2009-05-01	2458.0
1060	Liberia	Grand Gedeh	2009-07-01	2599.0
1061	Liberia	Grand Gedeh	2009-08-01	2694.0
1062	Liberia	Grand Gedeh	2009-09-01	2744.0
1063	Liberia	Grand Gedeh	2009-10-01	2505.0
1064	Liberia	Grand Gedeh	2009-11-01	2300.0
1065	Liberia	Grand Gedeh	2009-12-01	2326.0416500000001
1066	Liberia	Grand Gedeh	2010-01-01	2171.875
1067	Liberia	Grand Gedeh	2010-02-01	2375.5952500000003
1068	Liberia	Grand Gedeh	2010-03-01	2361.1111000000001
1069	Liberia	Grand Gedeh	2010-04-01	2220.8332999999998
1070	Liberia	Grand Gedeh	2010-05-01	2216.6667000000002
1071	Liberia	Grand Gedeh	2010-06-01	2216.6667000000002
1072	Liberia	Grand Gedeh	2010-07-01	2387.5
1073	Liberia	Grand Gedeh	2010-08-01	2475.0
1074	Liberia	Grand Gedeh	2010-09-01	2475.0
1075	Liberia	Grand Gedeh	2010-10-01	2525.0
1076	Liberia	Grand Gedeh	2010-11-01	2387.5
1077	Liberia	Grand Gedeh	2010-12-01	2456.25
1078	Liberia	Grand Gedeh	2011-01-01	2494.5
1079	Liberia	Grand Gedeh	2011-02-01	2556.875
1080	Liberia	Grand Gedeh	2011-03-01	2560.625
1081	Liberia	Grand Gedeh	2011-04-01	2768.5416500000001
1082	Liberia	Grand Gedeh	2011-05-01	2550.0
1083	Liberia	Grand Gedeh	2011-06-01	2650.0
1084	Liberia	Grand Gedeh	2011-07-01	2703.125
1085	Liberia	Grand Gedeh	2011-08-01	2734.0625
1086	Liberia	Grand Gedeh	2011-10-01	2833.3332999999998
1087	Liberia	Grand Gedeh	2011-11-01	2983.3333499999999
1088	Liberia	Grand Gedeh	2011-12-01	3262.6666666666665
1089	Liberia	Grand Gedeh	2012-01-01	3783.0
1090	Liberia	Grand Gedeh	2012-03-01	3204.5833250000001
1091	Liberia	Grand Gedeh	2012-04-01	3316.7083250000001
1092	Liberia	Grand Gedeh	2012-05-01	3335.4166749999999
1093	Liberia	Grand Gedeh	2012-06-01	3344.7916749999999
1094	Liberia	Grand Gedeh	2012-07-01	3337.8333250000001
1095	Liberia	Grand Gedeh	2012-08-01	3597.0
1096	Liberia	Grand Gedeh	2012-09-01	3383.3333499999999
1097	Liberia	Grand Gedeh	2012-10-01	3819.0
1098	Liberia	Grand Gedeh	2012-11-01	3571.875
1099	Liberia	Grand Gedeh	2012-12-01	3217.6666749999999
1100	Liberia	Grand Gedeh	2013-01-01	3217.34375
1101	Liberia	Grand Gedeh	2013-02-01	3191.75
1102	Liberia	Grand Gedeh	2013-03-01	3161.3541749999999
1103	Liberia	Grand Gedeh	2013-04-01	3209.375
1104	Liberia	Grand Gedeh	2013-05-01	3211.5
1105	Liberia	Grand Gedeh	2013-06-01	3134.75
1106	Liberia	Grand Gedeh	2013-07-01	3044.75
1107	Liberia	Grand Gedeh	2013-08-01	3097.9166749999999
1108	Liberia	Grand Gedeh	2013-09-01	3039.75
1109	Liberia	Grand Gedeh	2013-10-01	3038.6904750000003
1110	Liberia	Grand Gedeh	2013-11-01	3002.6785749999999
1111	Liberia	Grand Gedeh	2013-12-01	3051.3333333333335
1112	Liberia	Grand Gedeh	2014-01-01	2873.7350999999999
1113	Liberia	Grand Gedeh	2014-02-01	2878.4375
1114	Liberia	Grand Gedeh	2014-03-01	2910.0
1115	Liberia	Grand Gedeh	2014-04-01	2857.5595250000001
1116	Liberia	Grand Gedeh	2014-05-01	2870.0520750000001
1117	Liberia	Grand Gedeh	2014-06-01	2918.8987999999999
1118	Liberia	Grand Gedeh	2014-07-01	3060.5
1119	Liberia	Grand Gedeh	2014-08-01	3550.0
1120	Liberia	Grand Gedeh	2014-09-01	3725.8333499999999
1121	Liberia	Grand Bassa	2006-04-01	1250.0
1122	Liberia	Grand Bassa	2006-05-01	1325.0
1123	Liberia	Grand Bassa	2006-06-01	1400.0
1124	Liberia	Grand Bassa	2006-07-01	1450.0
1125	Liberia	Grand Bassa	2006-09-01	1325.0
1126	Liberia	Grand Bassa	2006-12-01	1375.0
1127	Liberia	Grand Bassa	2007-03-01	1400.0
1128	Liberia	Grand Bassa	2007-04-01	1400.0
1129	Liberia	Grand Bassa	2007-05-01	1400.0
1130	Liberia	Grand Bassa	2007-08-01	1525.0
1131	Liberia	Grand Bassa	2007-09-01	1625.0
1132	Liberia	Grand Bassa	2007-10-01	1625.0
1133	Liberia	Grand Bassa	2007-11-01	1675.0
1134	Liberia	Grand Bassa	2007-12-01	1700.0
1135	Liberia	Grand Bassa	2008-01-01	1900.0
1136	Liberia	Grand Bassa	2008-02-01	1850.0
1137	Liberia	Grand Bassa	2008-03-01	1850.0
1138	Liberia	Grand Bassa	2009-01-01	2350.0
1139	Liberia	Grand Bassa	2009-02-01	2200.0
1140	Liberia	Grand Bassa	2009-03-01	2150.0
1141	Liberia	Grand Bassa	2009-04-01	2000.0
1142	Liberia	Grand Bassa	2009-05-01	1900.0
1143	Liberia	Grand Bassa	2009-06-01	2200.0
1144	Liberia	Grand Bassa	2009-07-01	2115.0
1145	Liberia	Grand Bassa	2009-08-01	1992.0
1146	Liberia	Grand Bassa	2009-09-01	2300.0
1147	Liberia	Grand Bassa	2009-10-01	2250.0
1148	Liberia	Grand Bassa	2009-11-01	2212.5
1149	Liberia	Grand Bassa	2009-12-01	1962.5
1150	Liberia	Grand Bassa	2010-01-01	1733.3333
1151	Liberia	Grand Bassa	2010-02-01	1741.6667
1152	Liberia	Grand Bassa	2010-03-01	1729.1667
1153	Liberia	Grand Bassa	2010-04-01	1779.1667
1154	Liberia	Grand Bassa	2010-05-01	2000.0
1155	Liberia	Grand Bassa	2010-06-01	2033.3333
1156	Liberia	Grand Bassa	2010-07-01	2114.5832999999998
1157	Liberia	Grand Bassa	2010-08-01	1992.0
1158	Liberia	Grand Bassa	2010-09-01	2041.6666500000001
1159	Liberia	Grand Bassa	2010-10-01	2166.6667000000002
1160	Liberia	Grand Bassa	2010-11-01	2150.0
1161	Liberia	Grand Bassa	2010-12-01	1791.6667
1162	Liberia	Grand Bassa	2011-01-01	2166.6667000000002
1163	Liberia	Grand Bassa	2011-02-01	2250.0
1164	Liberia	Grand Bassa	2011-03-01	2300.0
1165	Liberia	Grand Bassa	2011-04-01	2350.0
1166	Liberia	Grand Bassa	2011-07-01	2650.0
1167	Liberia	Grand Bassa	2011-08-01	2675.0
1168	Liberia	Grand Bassa	2011-10-01	2577.0833499999999
1169	Liberia	Grand Bassa	2011-11-01	2523.9583499999999
1170	Liberia	Grand Bassa	2011-12-01	2714.5833499999999
1171	Liberia	Grand Bassa	2012-01-01	2584.0
1172	Liberia	Grand Bassa	2012-03-01	2978.0
1173	Liberia	Grand Bassa	2012-04-01	2953.5
1174	Liberia	Grand Bassa	2012-05-01	3010.0
1175	Liberia	Grand Bassa	2012-07-01	3154.3333499999999
1176	Liberia	Grand Bassa	2012-09-01	3166.1111000000001
1177	Liberia	Grand Bassa	2012-10-01	3166.0
1178	Liberia	Grand Bassa	2012-11-01	3245.0
1179	Liberia	Grand Bassa	2012-12-01	3252.0416500000001
1180	Liberia	Grand Bassa	2013-01-01	3059.0277999999998
1181	Liberia	Grand Bassa	2013-02-01	2754.0416500000001
1182	Liberia	Grand Bassa	2013-03-01	2666.5
1183	Liberia	Grand Bassa	2013-04-01	2475.0
1184	Liberia	Grand Bassa	2013-05-01	2633.5
1185	Liberia	Grand Bassa	2013-06-01	2661.5
1186	Liberia	Grand Bassa	2013-07-01	2638.5833499999999
1187	Liberia	Grand Bassa	2013-08-01	2736.5
1188	Liberia	Grand Bassa	2013-09-01	2643.0
1189	Liberia	Grand Bassa	2013-12-01	2865.1388999999999
1190	Liberia	Grand Bassa	2014-01-01	2865.2777999999998
1191	Liberia	Grand Bassa	2014-03-01	2688.05555
1192	Liberia	Grand Bassa	2014-04-01	2799.1666500000001
1193	Liberia	Grand Bassa	2014-05-01	3010.9722499999998
1194	Liberia	Grand Bassa	2014-06-01	3356.6667000000002
1195	Liberia	Grand Bassa	2014-07-01	3000.0
1196	Liberia	Grand Bassa	2014-08-01	3200.0
1197	Liberia	Grand Bassa	2014-09-01	3200.0
1198	Liberia	Grand Bassa	2014-10-01	3400.0
1199	Liberia	Nimba	2009-01-01	2325.0
1200	Liberia	Nimba	2009-02-01	3025.0
1201	Liberia	Nimba	2009-03-01	2472.0
1202	Liberia	Nimba	2009-04-01	2564.4166500000001
1203	Liberia	Nimba	2009-05-01	2876.0
1204	Liberia	Nimba	2009-06-01	2417.0
1205	Liberia	Nimba	2009-07-01	1942.0
1206	Liberia	Nimba	2009-08-01	2058.0
1207	Liberia	Nimba	2009-09-01	2313.0
1208	Liberia	Nimba	2009-10-01	2163.0
1209	Liberia	Nimba	2009-11-01	2141.6666500000001
1210	Liberia	Nimba	2009-12-01	2087.5
1211	Liberia	Nimba	2010-01-01	2145.8333499999999
1212	Liberia	Nimba	2010-02-01	2025.0
1213	Liberia	Nimba	2010-03-01	2025.0
1214	Liberia	Nimba	2010-04-01	1991.6666500000001
1215	Liberia	Nimba	2010-05-01	2100.0
1216	Liberia	Nimba	2010-06-01	1900.0
1217	Liberia	Nimba	2010-07-01	1941.6667
1218	Liberia	Nimba	2010-08-01	2095.8332999999998
1219	Liberia	Nimba	2010-09-01	2091.6666500000001
1220	Liberia	Nimba	2010-10-01	2043.75
1221	Liberia	Nimba	2010-11-01	2150.0
1222	Liberia	Nimba	2010-12-01	2175.0
1223	Liberia	Nimba	2011-01-01	2200.0
1224	Liberia	Nimba	2011-02-01	2250.0
1225	Liberia	Nimba	2011-03-01	2300.0
1226	Liberia	Nimba	2011-04-01	2350.0
1227	Liberia	Nimba	2011-05-01	2350.0
1228	Liberia	Nimba	2011-06-01	2556.0
1229	Liberia	Nimba	2011-08-01	2850.0
1230	Liberia	Nimba	2011-09-01	2818.75
1231	Liberia	Nimba	2011-10-01	2833.3332999999998
1232	Liberia	Nimba	2011-11-01	2834.0
1233	Liberia	Nimba	2011-12-01	3550.0
1234	Liberia	Nimba	2012-06-01	2250.0
1235	Liberia	Nimba	2012-07-01	2303.0
1236	Liberia	Nimba	2012-08-01	2553.0
1237	Liberia	Nimba	2012-09-01	2337.5
1238	Liberia	Nimba	2012-10-01	2520.0
1239	Liberia	Nimba	2012-11-01	2525.0
1240	Liberia	Nimba	2013-01-01	2485.0
1241	Liberia	Nimba	2013-02-01	2450.0
1242	Liberia	Nimba	2013-03-01	2166.0
1243	Liberia	Nimba	2013-04-01	2140.0
1244	Liberia	Nimba	2013-05-01	2183.75
1245	Liberia	Nimba	2013-06-01	2320.0
1246	Liberia	Nimba	2013-07-01	2375.0
1247	Liberia	Nimba	2013-08-01	2337.5
1248	Liberia	Nimba	2013-09-01	2447.0
1249	Liberia	Nimba	2013-10-01	2253.125
1250	Liberia	Nimba	2013-11-01	2753.0356999999999
1251	Liberia	Nimba	2013-12-01	2306.0
1252	Liberia	Nimba	2014-01-01	2698.6606999999999
1253	Liberia	Nimba	2014-02-01	2525.0
1254	Liberia	Nimba	2014-03-01	2584.7222000000002
1255	Liberia	Nimba	2014-04-01	2532.8125
1256	Liberia	Nimba	2014-05-01	2683.3333499999999
1257	Liberia	Nimba	2014-06-01	2600.0
1258	Liberia	Nimba	2014-07-01	2683.0
1259	Liberia	Nimba	2014-08-01	3083.0
1260	Liberia	Nimba	2014-09-01	3108.1481333333336
1261	Liberia	Nimba	2014-10-01	3156.9444250000001
1262	Liberia	Montserrado	2009-01-01	2185.0
1263	Liberia	Montserrado	2009-02-01	2130.0
1264	Liberia	Montserrado	2009-03-01	1945.0
1265	Liberia	Montserrado	2009-04-01	1963.0
1266	Liberia	Montserrado	2009-05-01	1825.0
1267	Liberia	Montserrado	2009-06-01	2195.0
1268	Liberia	Montserrado	2009-07-01	1914.0
1269	Liberia	Montserrado	2009-08-01	1888.0
1270	Liberia	Montserrado	2009-09-01	2158.0
1271	Liberia	Montserrado	2009-10-01	2199.0
1272	Liberia	Montserrado	2009-11-01	1971.5625
1273	Liberia	Montserrado	2009-12-01	1905.8705500000001
1274	Liberia	Montserrado	2010-01-01	1861.40625
1275	Liberia	Montserrado	2010-02-01	1755.0
1276	Liberia	Montserrado	2010-03-01	1612.75
1277	Liberia	Montserrado	2010-04-01	1800.0
1278	Liberia	Montserrado	2010-05-01	1861.875
1279	Liberia	Montserrado	2010-06-01	1810.0
1280	Liberia	Montserrado	2010-07-01	2095.8928500000002
1281	Liberia	Montserrado	2010-08-01	1903.125
1282	Liberia	Montserrado	2010-09-01	2045.0119
1283	Liberia	Montserrado	2010-10-01	2124.8159500000002
1284	Liberia	Montserrado	2010-11-01	2004.0625
1285	Liberia	Montserrado	2010-12-01	2092.5833499999999
1286	Liberia	Montserrado	2011-01-01	2465.2917000000002
1287	Liberia	Montserrado	2011-02-01	2041.4166500000001
1288	Liberia	Montserrado	2011-03-01	2386.7143000000001
1289	Liberia	Montserrado	2011-04-01	2364.2916500000001
1290	Liberia	Montserrado	2011-05-01	2413.3333499999999
1291	Liberia	Montserrado	2011-06-01	2413.3333499999999
1292	Liberia	Montserrado	2011-07-01	2472.9166500000001
1293	Liberia	Montserrado	2011-08-01	2556.25
1294	Liberia	Montserrado	2011-09-01	2504.2708499999999
1295	Liberia	Montserrado	2011-10-01	2680.2082999999998
1296	Liberia	Montserrado	2011-11-01	2658.75
1297	Liberia	Montserrado	2011-12-01	2400.0
1298	Liberia	Montserrado	2012-01-01	2576.0
1299	Liberia	Montserrado	2012-02-01	2654.1666500000001
1300	Liberia	Montserrado	2012-03-01	2675.4166500000001
1301	Liberia	Montserrado	2012-04-01	2685.6666500000001
1302	Liberia	Montserrado	2012-05-01	2748.0833499999999
1303	Liberia	Montserrado	2012-06-01	2808.6111000000001
1304	Liberia	Montserrado	2012-07-01	2888.2083499999999
1305	Liberia	Montserrado	2012-08-01	2831.5
1306	Liberia	Montserrado	2012-09-01	2811.5972000000002
1307	Liberia	Montserrado	2012-10-01	2632.75
1308	Liberia	Montserrado	2012-11-01	2620.4166500000001
1309	Liberia	Montserrado	2012-12-01	2555.5
1310	Liberia	Montserrado	2013-01-01	2523.1666500000001
1311	Liberia	Montserrado	2013-02-01	2495.0416500000001
1312	Liberia	Montserrado	2013-03-01	2451.9583499999999
1313	Liberia	Montserrado	2013-04-01	2507.875
1314	Liberia	Montserrado	2013-05-01	2521.5833499999999
1315	Liberia	Montserrado	2013-06-01	2307.9166500000001
1316	Liberia	Montserrado	2013-07-01	2427.5
1317	Liberia	Montserrado	2013-08-01	2471.875
1318	Liberia	Montserrado	2013-09-01	2758.3333499999999
1319	Liberia	Montserrado	2013-10-01	2742.8571499999998
1320	Liberia	Montserrado	2013-11-01	2575.4166500000001
1321	Liberia	Montserrado	2013-12-01	2563.0
1322	Liberia	Montserrado	2014-01-01	2407.8125
1323	Liberia	Montserrado	2014-03-01	2383.3332999999998
1324	Liberia	Montserrado	2014-04-01	2235.4166500000001
1325	Liberia	Montserrado	2014-05-01	2450.0
1326	Liberia	Montserrado	2014-06-01	2545.8333499999999
1327	Liberia	Montserrado	2014-07-01	2800.0
1328	Liberia	Montserrado	2014-08-01	2900.0
1329	Liberia	Montserrado	2014-09-01	3050.0
1330	Liberia	Montserrado	2014-10-01	3300.0
1331	Liberia	Maryland	2009-01-01	2183.0
1332	Liberia	Maryland	2009-02-01	2150.0
1333	Liberia	Maryland	2009-03-01	2033.0
1334	Liberia	Maryland	2009-04-01	2008.0
1335	Liberia	Maryland	2009-05-01	2200.0
1336	Liberia	Maryland	2009-06-01	2233.0
1337	Liberia	Maryland	2009-07-01	2700.0
1338	Liberia	Maryland	2009-08-01	2671.0
1339	Liberia	Maryland	2009-09-01	3300.0
1340	Liberia	Maryland	2009-10-01	2850.0
1341	Liberia	Maryland	2009-11-01	2583.3333499999999
1342	Liberia	Maryland	2009-12-01	2551.0416500000001
1343	Liberia	Maryland	2010-01-01	2703.125
1344	Liberia	Maryland	2010-02-01	2577.0833499999999
1345	Liberia	Maryland	2010-03-01	2425.0
1346	Liberia	Maryland	2010-04-01	2462.5
1347	Liberia	Maryland	2010-05-01	2833.3333499999999
1348	Liberia	Maryland	2010-06-01	2550.0
1349	Liberia	Maryland	2010-07-01	2975.0
1350	Liberia	Maryland	2010-08-01	2789.5832999999998
1351	Liberia	Maryland	2010-09-01	2750.0
1352	Liberia	Maryland	2010-10-01	2850.0
1353	Liberia	Maryland	2010-11-01	3200.0
1354	Liberia	Maryland	2010-12-01	2988.8888999999999
1355	Liberia	Maryland	2011-01-01	2900.0
1356	Liberia	Maryland	2011-02-01	2900.0
1357	Liberia	Maryland	2011-03-01	2950.0
1358	Liberia	Maryland	2011-04-01	2983.3333499999999
1359	Liberia	Maryland	2011-05-01	2983.5
1360	Liberia	Maryland	2011-06-01	3000.0
1361	Liberia	Maryland	2011-07-01	2979.1666500000001
1362	Liberia	Maryland	2011-08-01	3187.5
1363	Liberia	Maryland	2011-09-01	3116.6666500000001
1364	Liberia	Maryland	2011-10-01	3116.6666500000001
1365	Liberia	Maryland	2011-11-01	2992.0
1366	Liberia	Maryland	2011-12-01	2977.5
1367	Liberia	Maryland	2012-01-01	2956.25
1368	Liberia	Maryland	2012-02-01	2833.3333499999999
1369	Liberia	Maryland	2012-03-01	2988.75
1370	Liberia	Maryland	2012-04-01	3062.875
1371	Liberia	Maryland	2012-05-01	3006.6666500000001
1372	Liberia	Maryland	2012-06-01	3088.3333499999999
1373	Liberia	Maryland	2012-07-01	3033.25
1374	Liberia	Maryland	2012-08-01	3098.0
1375	Liberia	Maryland	2012-09-01	3437.5
1376	Liberia	Maryland	2012-10-01	3591.8333499999999
1377	Liberia	Maryland	2012-11-01	3644.1666500000001
1378	Liberia	Maryland	2012-12-01	3684.8333499999999
1379	Liberia	Maryland	2013-01-01	3631.94445
1380	Liberia	Maryland	2013-02-01	3024.5833499999999
1381	Liberia	Maryland	2013-03-01	2502.0
1382	Liberia	Maryland	2013-04-01	2530.75
1383	Liberia	Maryland	2013-05-01	2682.1666500000001
1384	Liberia	Maryland	2013-06-01	2631.875
1385	Liberia	Maryland	2013-07-01	2749.3333499999999
1386	Liberia	Maryland	2013-08-01	2815.75
1387	Liberia	Maryland	2013-09-01	2631.5
1388	Liberia	Maryland	2013-10-01	2519.7916500000001
1389	Liberia	Maryland	2013-11-01	2738.59375
1390	Liberia	Maryland	2013-12-01	2554.25
1391	Liberia	Maryland	2014-01-01	2757.1726500000004
1392	Liberia	Maryland	2014-02-01	2852.74305
1393	Liberia	Maryland	2014-03-01	2675.8332999999998
1394	Liberia	Maryland	2014-04-01	2759.375
1395	Liberia	Maryland	2014-05-01	2742.3214499999999
1396	Liberia	Maryland	2014-06-01	2851.3888999999999
1397	Liberia	Maryland	2014-07-01	3133.0
1398	Liberia	Maryland	2014-08-01	3750.0
1399	Liberia	Grand Cape Mount	2009-09-01	2400.0
1400	Liberia	Grand Cape Mount	2009-10-01	2379.0
1401	Liberia	Grand Cape Mount	2009-11-01	2355.0
1402	Liberia	Grand Cape Mount	2009-12-01	2225.0
1403	Liberia	Grand Cape Mount	2010-01-01	2231.25
1404	Liberia	Grand Cape Mount	2010-02-01	2150.0
1405	Liberia	Grand Cape Mount	2010-03-01	2025.0
1406	Liberia	Grand Cape Mount	2010-04-01	1870.8333
1407	Liberia	Grand Cape Mount	2010-05-01	2200.0
1408	Liberia	Grand Cape Mount	2010-06-01	2150.0
1409	Liberia	Grand Cape Mount	2010-07-01	2150.0
1410	Liberia	Grand Cape Mount	2010-08-01	2210.0
1411	Liberia	Grand Cape Mount	2010-09-01	2106.25
1412	Liberia	Grand Cape Mount	2010-10-01	2164.5832999999998
1413	Liberia	Grand Cape Mount	2010-11-01	2215.8332999999998
1414	Liberia	Grand Cape Mount	2010-12-01	2301.6071000000002
1415	Liberia	Grand Cape Mount	2011-01-01	2325.0
1416	Liberia	Grand Cape Mount	2011-02-01	2368.75
1417	Liberia	Grand Cape Mount	2011-03-01	2210.25
1418	Liberia	Grand Cape Mount	2011-04-01	2258.3333499999999
1419	Liberia	Grand Cape Mount	2011-05-01	2225.0
1420	Liberia	Grand Cape Mount	2011-06-01	2225.0
1421	Liberia	Grand Cape Mount	2011-08-01	2675.0
1422	Liberia	Grand Cape Mount	2011-09-01	2633.3332999999998
1423	Liberia	Grand Cape Mount	2011-10-01	2614.5
1424	Liberia	Grand Cape Mount	2011-11-01	2600.0
1425	Liberia	Grand Cape Mount	2011-12-01	2558.3332999999998
1426	Liberia	Grand Cape Mount	2012-01-01	2575.0
1427	Liberia	Grand Cape Mount	2012-02-01	2712.5
1428	Liberia	Grand Cape Mount	2012-03-01	2591.5
1429	Liberia	Grand Cape Mount	2012-04-01	2437.5
1430	Liberia	Grand Cape Mount	2012-05-01	2580.0625
1431	Liberia	Grand Cape Mount	2012-06-01	2691.6667000000002
1432	Liberia	Grand Cape Mount	2012-07-01	2666.5
1433	Liberia	Grand Cape Mount	2012-08-01	2718.5
1434	Liberia	Grand Cape Mount	2012-09-01	2670.0
1435	Liberia	Grand Cape Mount	2012-10-01	2730.0
1436	Liberia	Grand Cape Mount	2012-11-01	2521.5
1437	Liberia	Grand Cape Mount	2012-12-01	2512.5
1438	Liberia	Grand Cape Mount	2013-01-01	2490.0
1439	Liberia	Grand Cape Mount	2013-02-01	2499.5
1440	Liberia	Grand Cape Mount	2013-03-01	2602.5
1441	Liberia	Grand Cape Mount	2013-04-01	2673.5
1442	Liberia	Grand Cape Mount	2013-05-01	2644.1041500000001
1443	Liberia	Grand Cape Mount	2013-06-01	2674.0
1444	Liberia	Grand Cape Mount	2013-07-01	2585.9375
1445	Liberia	Grand Cape Mount	2013-08-01	2833.9583499999999
1446	Liberia	Grand Cape Mount	2013-09-01	2704.4166500000001
1447	Liberia	Grand Cape Mount	2013-10-01	2605.0
1448	Liberia	Grand Cape Mount	2013-11-01	2550.0
1449	Liberia	Grand Cape Mount	2013-12-01	2817.0
1450	Liberia	Grand Cape Mount	2014-03-01	2465.8332999999998
1451	Liberia	Grand Cape Mount	2014-04-01	2435.0
1452	Liberia	Grand Cape Mount	2014-05-01	2433.3332999999998
1453	Liberia	Grand Cape Mount	2014-06-01	2438.3332999999998
1454	Liberia	Grand Cape Mount	2014-07-01	2889.0
1455	Liberia	Grand Cape Mount	2014-08-01	3600.0
1456	Liberia	Grand Cape Mount	2014-09-01	3206.25
1457	Liberia	Grand Cape Mount	2014-10-01	3150.0
1458	Liberia	Margibi	2014-09-01	3084.0277500000002
1459	Liberia	Margibi	2014-10-01	3011.80555
1460	Guinea	Conakry	2008-01-01	3100.0
1461	Guinea	Conakry	2008-02-01	3225.0
1462	Guinea	Conakry	2008-03-01	3550.0
1463	Guinea	Conakry	2008-04-01	3925.0
1464	Guinea	Conakry	2008-05-01	4800.0
1465	Guinea	Conakry	2008-06-01	5170.0
1466	Guinea	Conakry	2008-07-01	5464.5
1467	Guinea	Conakry	2008-08-01	5512.5
1468	Guinea	Conakry	2008-09-01	5900.0
1469	Guinea	Conakry	2008-10-01	5549.5
1470	Guinea	Conakry	2008-11-01	4624.5
1471	Guinea	Conakry	2008-12-01	4412.5
1472	Guinea	Conakry	2009-01-01	4500.0
1473	Guinea	Conakry	2009-02-01	4169.0
1474	Guinea	Conakry	2009-03-01	4030.0
1475	Guinea	Conakry	2009-04-01	4420.5
1476	Guinea	Conakry	2009-05-01	4712.5
1477	Guinea	Conakry	2009-06-01	4794.0
1478	Guinea	Conakry	2009-07-01	4900.0
1479	Guinea	Conakry	2009-08-01	4787.5
1480	Guinea	Conakry	2009-09-01	4683.0
1481	Guinea	Conakry	2009-10-01	4441.5
1482	Guinea	Conakry	2009-11-01	3920.0
1483	Guinea	Conakry	2009-12-01	3750.0
1484	Guinea	Conakry	2010-04-01	5000.0
1485	Guinea	Conakry	2010-05-01	5000.0
1486	Guinea	Conakry	2010-06-01	5000.0
1487	Guinea	Conakry	2010-07-01	5500.0
1488	Guinea	Conakry	2010-08-01	5500.0
1489	Guinea	Conakry	2010-09-01	5500.0
1490	Guinea	Conakry	2010-10-01	5500.0
1491	Guinea	Conakry	2010-11-01	6167.0
1492	Guinea	Conakry	2010-12-01	5500.0
1493	Guinea	Conakry	2011-01-01	6150.0
1494	Guinea	Conakry	2011-02-01	6250.0
1495	Guinea	Conakry	2011-03-01	7750.0
1496	Guinea	Conakry	2011-04-01	8000.0
1497	Guinea	Conakry	2011-05-01	8500.0
1498	Guinea	Conakry	2011-06-01	8500.0
1499	Guinea	Conakry	2011-07-01	9000.0
1500	Guinea	Conakry	2011-08-01	9000.0
1501	Guinea	Conakry	2011-09-01	9000.0
1502	Guinea	Conakry	2011-11-01	7500.0
1503	Guinea	Conakry	2011-12-01	7000.0
1504	Guinea	Conakry	2012-03-01	5625.0
1505	Guinea	Conakry	2013-01-01	5200.0
1506	Guinea	Conakry	2013-02-01	5250.0
1507	Guinea	Conakry	2013-03-01	6000.0
1508	Guinea	Conakry	2013-04-01	6500.0
1509	Guinea	Conakry	2013-05-01	6500.0
1510	Guinea	Conakry	2013-07-01	6000.0
1511	Guinea	Conakry	2013-08-01	6500.0
1512	Guinea	Conakry	2013-09-01	6500.0
1513	Guinea	Conakry	2013-12-01	5000.0
1514	Guinea	Conakry	2014-01-01	5250.0
1515	Guinea	N'Zerekore	2008-01-01	2849.5
1516	Guinea	N'Zerekore	2008-02-01	3062.0
1517	Guinea	N'Zerekore	2008-03-01	3201.5
1518	Guinea	N'Zerekore	2008-04-01	4125.0
1519	Guinea	N'Zerekore	2008-05-01	4500.0
1520	Guinea	N'Zerekore	2008-06-01	4525.0
1521	Guinea	N'Zerekore	2008-07-01	4916.5
1522	Guinea	N'Zerekore	2008-08-01	5097.5
1523	Guinea	N'Zerekore	2008-09-01	5880.0
1524	Guinea	N'Zerekore	2008-10-01	5325.0
1525	Guinea	N'Zerekore	2008-11-01	4637.0
1526	Guinea	N'Zerekore	2008-12-01	4380.0
1527	Guinea	N'Zerekore	2009-01-01	5000.0
1528	Guinea	N'Zerekore	2009-02-01	4362.0
1529	Guinea	N'Zerekore	2009-03-01	4176.0
1530	Guinea	N'Zerekore	2009-04-01	4325.0
1531	Guinea	N'Zerekore	2009-05-01	4477.6666999999998
1532	Guinea	N'Zerekore	2009-06-01	4604.6666999999998
1533	Guinea	N'Zerekore	2009-07-01	4627.6666999999998
1534	Guinea	N'Zerekore	2009-08-01	4800.0
1535	Guinea	N'Zerekore	2009-09-01	4433.0
1536	Guinea	N'Zerekore	2009-10-01	4338.6666999999998
1537	Guinea	N'Zerekore	2009-11-01	3974.3332999999998
1538	Guinea	N'Zerekore	2009-12-01	3822.0
1539	Guinea	N'Zerekore	2010-01-01	4150.0
1540	Guinea	N'Zerekore	2010-02-01	4250.0
1541	Guinea	N'Zerekore	2010-03-01	4575.0
1542	Guinea	N'Zerekore	2010-04-01	4900.0
1543	Guinea	N'Zerekore	2010-05-01	5100.0
1544	Guinea	N'Zerekore	2010-06-01	5000.0
1545	Guinea	N'Zerekore	2010-07-01	5000.0
1546	Guinea	N'Zerekore	2010-08-01	5000.0
1547	Guinea	N'Zerekore	2010-09-01	5000.0
1548	Guinea	N'Zerekore	2010-10-01	5000.0
1549	Guinea	N'Zerekore	2010-11-01	5500.0
1550	Guinea	N'Zerekore	2010-12-01	5000.0
1551	Guinea	N'Zerekore	2011-01-01	4908.0
1552	Guinea	N'Zerekore	2011-02-01	5600.0
1553	Guinea	N'Zerekore	2011-03-01	6194.0
1554	Guinea	N'Zerekore	2011-06-01	8000.0
1555	Guinea	N'Zerekore	2011-07-01	8000.0
1556	Guinea	N'Zerekore	2011-08-01	8250.0
1557	Guinea	N'Zerekore	2011-09-01	8250.0
1558	Guinea	N'Zerekore	2011-11-01	8000.0
1559	Guinea	N'Zerekore	2011-12-01	8000.0
1560	Guinea	N'Zerekore	2012-03-01	6000.0
1561	Guinea	N'Zerekore	2012-06-01	6000.0
1562	Guinea	N'Zerekore	2012-07-01	6000.0
1563	Guinea	N'Zerekore	2012-08-01	6250.0
1564	Guinea	N'Zerekore	2012-09-01	6000.0
1565	Guinea	N'Zerekore	2013-01-01	5500.0
1566	Guinea	N'Zerekore	2013-02-01	5500.0
1567	Guinea	N'Zerekore	2013-03-01	6250.0
1568	Guinea	N'Zerekore	2013-04-01	5500.0
1569	Guinea	N'Zerekore	2013-05-01	6750.0
1570	Guinea	N'Zerekore	2013-06-01	5500.0
1571	Guinea	N'Zerekore	2013-08-01	6000.0
1572	Guinea	N'Zerekore	2013-09-01	5000.0
1573	Guinea	N'Zerekore	2013-12-01	4750.0
1574	Guinea	N'Zerekore	2014-01-01	4750.0
1575	Guinea	N'Zerekore	2014-02-01	4750.0
1576	Guinea	N'Zerekore	2014-03-01	4000.0
1577	Guinea	N'Zerekore	2014-04-01	5250.0
1578	Guinea	N'Zerekore	2014-05-01	4500.0
1579	Guinea	N'Zerekore	2014-06-01	4500.0
1580	Guinea	N'Zerekore	2014-07-01	4500.0
1581	Guinea	N'Zerekore	2014-08-01	4750.0
1582	Guinea	N'Zerekore	2014-09-01	4750.0
1583	Guinea	N'Zerekore	2014-10-01	4500.0
1584	Guinea	Kankan	2008-01-01	2687.5
1585	Guinea	Kankan	2008-02-01	2914.0
1586	Guinea	Kankan	2008-03-01	3269.5
1587	Guinea	Kankan	2008-04-01	3735.8000000000002
1588	Guinea	Kankan	2008-05-01	4593.75
1589	Guinea	Kankan	2008-06-01	4468.0
1590	Guinea	Kankan	2008-07-01	4671.75
1591	Guinea	Kankan	2008-08-01	4913.0
1592	Guinea	Kankan	2008-09-01	5025.0
1593	Guinea	Kankan	2008-10-01	4359.0
1594	Guinea	Kankan	2008-11-01	4172.8000000000002
1595	Guinea	Kankan	2008-12-01	4554.5
1596	Guinea	Kankan	2009-01-01	4082.0
1597	Guinea	Kankan	2009-02-01	4043.6667000000002
1598	Guinea	Kankan	2009-03-01	3888.4000000000001
1599	Guinea	Kankan	2009-04-01	4593.75
1600	Guinea	Kankan	2009-05-01	4557.8000000000002
1601	Guinea	Kankan	2009-06-01	4152.0
1602	Guinea	Kankan	2009-07-01	4406.1999999999998
1603	Guinea	Kankan	2009-08-01	4535.8000000000002
1604	Guinea	Kankan	2009-09-01	4605.3999999999996
1605	Guinea	Kankan	2009-10-01	3732.1999999999998
1606	Guinea	Kankan	2009-11-01	3679.0
1607	Guinea	Kankan	2009-12-01	3482.4000000000001
1608	Guinea	Kankan	2010-01-01	3875.0
1609	Guinea	Kankan	2010-02-01	3850.0
1610	Guinea	Kankan	2010-03-01	4100.0
1611	Guinea	Kankan	2010-04-01	4350.0
1612	Guinea	Kankan	2010-05-01	4800.0
1613	Guinea	Kankan	2010-06-01	4550.0
1614	Guinea	Kankan	2010-07-01	5000.0
1615	Guinea	Kankan	2010-08-01	5000.0
1616	Guinea	Kankan	2010-09-01	5000.0
1617	Guinea	Kankan	2010-10-01	4500.0
1618	Guinea	Kankan	2010-11-01	5000.0
1619	Guinea	Kankan	2010-12-01	4500.0
1620	Guinea	Kankan	2011-01-01	4333.0
1621	Guinea	Kankan	2011-02-01	4750.0
1622	Guinea	Kankan	2011-03-01	6000.0
1623	Guinea	Kankan	2011-06-01	7000.0
1624	Guinea	Kankan	2011-07-01	7000.0
1625	Guinea	Kankan	2011-08-01	7500.0
1626	Guinea	Kankan	2011-09-01	7500.0
1627	Guinea	Kankan	2011-11-01	7000.0
1628	Guinea	Kankan	2011-12-01	7000.0
1629	Guinea	Kankan	2012-06-01	6250.0
1630	Guinea	Kankan	2012-07-01	6500.0
1631	Guinea	Kankan	2012-08-01	5500.0
1632	Guinea	Kankan	2012-09-01	4750.0
1633	Guinea	Kankan	2013-01-01	5250.0
1634	Guinea	Kankan	2013-02-01	5250.0
1635	Guinea	Kankan	2013-03-01	5500.0
1636	Guinea	Kankan	2013-04-01	5750.0
1637	Guinea	Kankan	2013-05-01	5750.0
1638	Guinea	Kankan	2013-06-01	5750.0
1639	Guinea	Kankan	2013-07-01	5750.0
1640	Guinea	Kankan	2013-08-01	6000.0
1641	Guinea	Kankan	2013-09-01	5500.0
1642	Guinea	Kankan	2013-11-01	5500.0
1643	Guinea	Kankan	2013-12-01	6000.0
1644	Guinea	Kankan	2014-01-01	5500.0
1645	Guinea	Kankan	2014-02-01	5500.0
1646	Guinea	Kankan	2014-03-01	5500.0
1647	Guinea	Kankan	2014-04-01	5500.0
1648	Guinea	Kankan	2014-05-01	5250.0
1649	Guinea	Kankan	2014-06-01	5750.0
1650	Guinea	Kankan	2014-08-01	5500.0
1651	Guinea	Kankan	2014-09-01	5500.0
1652	Guinea	Kankan	2014-10-01	5500.0
1653	Guinea	Labe	2008-01-01	2505.75
1654	Guinea	Labe	2008-02-01	2647.0
1655	Guinea	Labe	2008-03-01	3012.75
1656	Guinea	Labe	2008-04-01	3555.25
1657	Guinea	Labe	2008-05-01	3963.0
1658	Guinea	Labe	2008-06-01	4142.0
1659	Guinea	Labe	2008-07-01	4818.0
1660	Guinea	Labe	2008-08-01	4879.0
1661	Guinea	Labe	2008-09-01	4657.25
1662	Guinea	Labe	2008-10-01	3842.25
1663	Guinea	Labe	2008-11-01	3566.25
1664	Guinea	Labe	2008-12-01	3316.0
1665	Guinea	Labe	2009-01-01	4053.0
1666	Guinea	Labe	2009-02-01	3633.3332999999998
1667	Guinea	Labe	2009-03-01	3659.8000000000002
1668	Guinea	Labe	2009-04-01	3863.0
1669	Guinea	Labe	2009-05-01	4021.0
1670	Guinea	Labe	2009-06-01	3946.5999999999999
1671	Guinea	Labe	2009-07-01	3928.4000000000001
1672	Guinea	Labe	2009-08-01	4035.5999999999999
1673	Guinea	Labe	2009-09-01	3137.8000000000002
1674	Guinea	Labe	2009-10-01	2740.8000000000002
1675	Guinea	Labe	2009-11-01	2831.5999999999999
1676	Guinea	Labe	2009-12-01	3156.4000000000001
1677	Guinea	Labe	2010-04-01	4290.0
1678	Guinea	Labe	2010-05-01	4405.0
1679	Guinea	Labe	2010-06-01	4125.0
1680	Guinea	Labe	2010-07-01	4375.0
1681	Guinea	Labe	2010-08-01	4375.0
1682	Guinea	Labe	2010-09-01	3900.0
1683	Guinea	Labe	2010-10-01	3750.0
1684	Guinea	Labe	2010-11-01	4500.0
1685	Guinea	Labe	2010-12-01	4500.0
1686	Guinea	Labe	2011-01-01	4450.0
1687	Guinea	Labe	2011-02-01	4071.0
1688	Guinea	Labe	2011-03-01	5778.0
1689	Guinea	Labe	2011-06-01	7500.0
1690	Guinea	Labe	2011-07-01	7500.0
1691	Guinea	Labe	2011-08-01	7500.0
1692	Guinea	Labe	2011-09-01	7500.0
1693	Guinea	Labe	2011-11-01	7500.0
1694	Guinea	Labe	2011-12-01	7500.0
1695	Guinea	Labe	2012-03-01	6750.0
1696	Guinea	Labe	2012-06-01	5500.0
1697	Guinea	Labe	2012-07-01	5625.0
1698	Guinea	Labe	2012-08-01	5750.0
1699	Guinea	Labe	2012-09-01	6500.0
1700	Guinea	Labe	2013-01-01	4750.0
1701	Guinea	Labe	2013-02-01	4750.0
1702	Guinea	Labe	2013-03-01	5500.0
1703	Guinea	Labe	2013-04-01	5500.0
1704	Guinea	Labe	2013-05-01	5500.0
1705	Guinea	Labe	2013-06-01	6750.0
1706	Guinea	Labe	2013-07-01	6000.0
1707	Guinea	Labe	2013-08-01	6000.0
1708	Guinea	Labe	2013-09-01	6000.0
1709	Guinea	Labe	2013-11-01	6500.0
1710	Guinea	Labe	2013-12-01	6750.0
1711	Guinea	Labe	2014-01-01	6750.0
1712	Guinea	Labe	2014-02-01	5250.0
1713	Guinea	Labe	2014-03-01	5250.0
1714	Guinea	Labe	2014-04-01	5250.0
1715	Guinea	Labe	2014-05-01	6750.0
1716	Guinea	Labe	2014-06-01	7250.0
1717	Guinea	Labe	2014-07-01	7500.0
1718	Guinea	Labe	2014-08-01	7250.0
1719	Guinea	Labe	2014-09-01	6250.0
1720	Guinea	Labe	2014-10-01	6250.0
1721	Guinea	Boke	2013-08-01	6000.0
1722	Guinea	Boke	2013-09-01	5750.0
1723	Guinea	Boke	2013-11-01	4500.0
1724	Guinea	Boke	2013-12-01	4250.0
1725	Guinea	Boke	2014-01-01	4600.0
1726	Guinea	Boke	2014-02-01	4750.0
1727	Guinea	Boke	2014-03-01	4666.666666666667
1728	Guinea	Boke	2014-04-01	4750.0
1729	Guinea	Boke	2014-05-01	4750.0
1730	Guinea	Boke	2014-06-01	5250.0
1731	Guinea	Boke	2014-07-01	5250.0
1732	Guinea	Boke	2014-08-01	4750.0
1733	Guinea	Boke	2014-09-01	4750.0
1734	Guinea	Boke	2014-10-01	4750.0
1735	Sierra Leone	Southern	2008-09-01	4000.0
1736	Sierra Leone	Southern	2009-01-01	2250.0
1737	Sierra Leone	Southern	2009-02-01	2250.0
1738	Sierra Leone	Southern	2009-03-01	2333.25
1739	Sierra Leone	Southern	2009-04-01	2416.5
1740	Sierra Leone	Southern	2009-05-01	2416.5
1741	Sierra Leone	Southern	2009-06-01	2249.8299999999999
1742	Sierra Leone	Southern	2009-07-01	2541.5
1743	Sierra Leone	Southern	2009-08-01	2437.0
1744	Sierra Leone	Southern	2009-09-01	2729.1675
1745	Sierra Leone	Southern	2009-12-01	2277.6666666666665
1746	Sierra Leone	Southern	2010-01-01	2249.75
1747	Sierra Leone	Southern	2010-02-01	2249.75
1748	Sierra Leone	Southern	2010-03-01	2354.0
1749	Sierra Leone	Southern	2010-04-01	2312.5
1750	Sierra Leone	Southern	2010-05-01	2333.0
1751	Sierra Leone	Southern	2010-06-01	2281.25
1752	Sierra Leone	Southern	2010-07-01	2291.5
1753	Sierra Leone	Southern	2010-08-01	2291.5
1754	Sierra Leone	Southern	2010-09-01	2395.75
1755	Sierra Leone	Southern	2010-10-01	2312.5
1756	Sierra Leone	Southern	2010-11-01	2229.25
1757	Sierra Leone	Southern	2010-12-01	2187.75
1758	Sierra Leone	Southern	2011-01-01	2667.0
1759	Sierra Leone	Southern	2011-02-01	2812.5
1760	Sierra Leone	Southern	2011-03-01	3010.5
1761	Sierra Leone	Southern	2011-04-01	3041.75
1762	Sierra Leone	Southern	2011-05-01	3270.5
1763	Sierra Leone	Southern	2011-06-01	3583.25
1764	Sierra Leone	Southern	2011-08-01	3875.0
1765	Sierra Leone	Southern	2011-09-01	3791.5
1766	Sierra Leone	Southern	2011-11-01	3249.75
1767	Sierra Leone	Southern	2011-12-01	3333.0
1768	Sierra Leone	Southern	2012-01-01	3333.0
1769	Sierra Leone	Southern	2012-02-01	3333.0
1770	Sierra Leone	Southern	2012-03-01	3333.0
1771	Sierra Leone	Southern	2012-04-01	3333.0
1772	Sierra Leone	Southern	2012-05-01	3333.0
1773	Sierra Leone	Southern	2012-06-01	3333.0
1774	Sierra Leone	Southern	2012-07-01	3333.0
1775	Sierra Leone	Southern	2012-08-01	3333.0
1776	Sierra Leone	Southern	2012-09-01	3444.3333333333335
1777	Sierra Leone	Southern	2012-10-01	2750.0
1778	Sierra Leone	Southern	2013-01-01	3235.0
1779	Sierra Leone	Southern	2013-02-01	3247.5
1780	Sierra Leone	Southern	2013-05-01	3111.0
1781	Sierra Leone	Southern	2013-06-01	4000.0
1782	Sierra Leone	Southern	2013-07-01	4200.0
1783	Sierra Leone	Southern	2013-11-01	3600.0
1784	Sierra Leone	Southern	2013-12-01	3600.0
1785	Sierra Leone	Southern	2014-01-01	3242.5339249999997
1786	Sierra Leone	Southern	2014-02-01	3600.0
1787	Sierra Leone	Southern	2014-03-01	3400.0
1788	Sierra Leone	Southern	2014-04-01	3275.8672499999998
1789	Sierra Leone	Southern	2014-05-01	3406.25
1790	Sierra Leone	Eastern	2009-01-01	2327.5
1791	Sierra Leone	Eastern	2009-02-01	2468.75
1792	Sierra Leone	Eastern	2009-03-01	2760.25
1793	Sierra Leone	Eastern	2009-04-01	2729.0825
1794	Sierra Leone	Eastern	2009-05-01	2791.5
1795	Sierra Leone	Eastern	2009-06-01	2635.165
1796	Sierra Leone	Eastern	2009-07-01	2767.5
1797	Sierra Leone	Eastern	2009-08-01	2812.25
1798	Sierra Leone	Eastern	2009-09-01	2944.2216666666668
1799	Sierra Leone	Eastern	2009-10-01	2625.0
1800	Sierra Leone	Eastern	2009-11-01	2875.0
1801	Sierra Leone	Eastern	2009-12-01	2326.1666666666665
1802	Sierra Leone	Eastern	2010-01-01	2875.0
1803	Sierra Leone	Eastern	2010-02-01	2666.5
1804	Sierra Leone	Eastern	2010-03-01	2436.5
1805	Sierra Leone	Eastern	2010-04-01	2424.6666666666665
1806	Sierra Leone	Eastern	2010-05-01	2415.1666666666665
1807	Sierra Leone	Eastern	2010-06-01	2425.5
1808	Sierra Leone	Eastern	2010-07-01	2386.8333333333335
1809	Sierra Leone	Eastern	2010-08-01	2352.0
1810	Sierra Leone	Eastern	2010-09-01	2434.5
1811	Sierra Leone	Eastern	2010-10-01	2292.0
1812	Sierra Leone	Eastern	2010-11-01	2167.0
1813	Sierra Leone	Eastern	2010-12-01	2167.0
1814	Sierra Leone	Eastern	2011-01-01	2375.25
1815	Sierra Leone	Eastern	2011-02-01	2791.5
1816	Sierra Leone	Eastern	2011-03-01	2875.0
1817	Sierra Leone	Eastern	2011-04-01	2913.75
1818	Sierra Leone	Eastern	2011-05-01	3437.5
1819	Sierra Leone	Eastern	2011-06-01	3416.5
1820	Sierra Leone	Eastern	2011-07-01	3083.5
1821	Sierra Leone	Eastern	2011-08-01	3500.25
1822	Sierra Leone	Eastern	2011-09-01	3917.0
1823	Sierra Leone	Eastern	2011-10-01	3334.0
1824	Sierra Leone	Eastern	2011-11-01	3291.75
1825	Sierra Leone	Eastern	2011-12-01	3333.0
1826	Sierra Leone	Eastern	2012-01-01	3333.0
1827	Sierra Leone	Eastern	2012-02-01	3333.0
1828	Sierra Leone	Eastern	2012-03-01	3333.0
1829	Sierra Leone	Eastern	2012-04-01	3333.0
1830	Sierra Leone	Eastern	2012-05-01	3333.0
1831	Sierra Leone	Eastern	2012-06-01	3333.0
1832	Sierra Leone	Eastern	2012-08-01	3333.0
1833	Sierra Leone	Eastern	2012-09-01	3166.5
1834	Sierra Leone	Eastern	2012-10-01	3000.0
1835	Sierra Leone	Eastern	2013-01-01	3195.8333333333335
1836	Sierra Leone	Eastern	2013-02-01	3226.6666666666665
1837	Sierra Leone	Eastern	2013-05-01	3041.5
1838	Sierra Leone	Eastern	2013-06-01	3330.180175
1839	Sierra Leone	Eastern	2013-07-01	3410.1351500000001
1840	Sierra Leone	Eastern	2013-08-01	4000.0
1841	Sierra Leone	Eastern	2013-09-01	3877.2973000000002
1842	Sierra Leone	Eastern	2013-10-01	3486.4865
1843	Sierra Leone	Eastern	2014-01-01	3184.4594499999998
1844	Sierra Leone	Eastern	2014-02-01	3900.0
1845	Sierra Leone	Eastern	2014-03-01	3236.3457250000001
1846	Sierra Leone	Eastern	2014-04-01	3310.4025750000001
1847	Sierra Leone	Eastern	2014-05-01	3442.567575
1848	Sierra Leone	Eastern	2014-06-01	3304.0540499999997
1849	Sierra Leone	Eastern	2014-07-01	3362.0690000000004
1850	Sierra Leone	Eastern	2014-08-01	3275.8621000000003
1851	Sierra Leone	Northern	2009-01-01	2000.0
1852	Sierra Leone	Northern	2009-02-01	2041.5
1853	Sierra Leone	Northern	2009-03-01	2166.6666666666665
1854	Sierra Leone	Northern	2009-04-01	2083.3333333333335
1855	Sierra Leone	Northern	2009-05-01	2152.75
1856	Sierra Leone	Northern	2009-06-01	2194.5
1857	Sierra Leone	Northern	2009-07-01	2152.8333333333335
1858	Sierra Leone	Northern	2009-08-01	2423.6666666666665
1859	Sierra Leone	Northern	2009-09-01	2486.0
1860	Sierra Leone	Northern	2009-11-01	2083.0
1861	Sierra Leone	Northern	2009-12-01	1978.875
1862	Sierra Leone	Northern	2010-01-01	2073.625
1863	Sierra Leone	Northern	2010-02-01	2227.0
1864	Sierra Leone	Northern	2010-03-01	2260.5
1865	Sierra Leone	Northern	2010-04-01	2260.375
1866	Sierra Leone	Northern	2010-05-01	2208.5
1867	Sierra Leone	Northern	2010-06-01	2291.375
1868	Sierra Leone	Northern	2010-07-01	2126.125
1869	Sierra Leone	Northern	2010-08-01	2187.625
1870	Sierra Leone	Northern	2010-09-01	2218.625
1871	Sierra Leone	Northern	2010-10-01	2291.25
1872	Sierra Leone	Northern	2010-11-01	2125.5
1873	Sierra Leone	Northern	2010-12-01	2416.5
1874	Sierra Leone	Northern	2011-02-01	2749.75
1875	Sierra Leone	Northern	2011-03-01	2958.0
1876	Sierra Leone	Northern	2011-04-01	3000.0
1877	Sierra Leone	Northern	2011-05-01	3416.5
1878	Sierra Leone	Northern	2011-06-01	3083.25
1879	Sierra Leone	Northern	2011-07-01	3041.5
1880	Sierra Leone	Northern	2011-08-01	3041.5
1881	Sierra Leone	Northern	2011-10-01	3167.0
1882	Sierra Leone	Northern	2011-11-01	2917.0
1883	Sierra Leone	Northern	2013-01-01	3325.0
1884	Sierra Leone	Northern	2013-02-01	3350.0
1885	Sierra Leone	Northern	2013-06-01	3600.0
1886	Sierra Leone	Northern	2013-07-01	3575.0
1887	Sierra Leone	Northern	2013-08-01	3436.3636500000002
1888	Sierra Leone	Northern	2013-09-01	3548.5293999999999
1889	Sierra Leone	Northern	2013-11-01	3115.7894500000002
1890	Sierra Leone	Northern	2013-12-01	3107.6923000000002
1891	Sierra Leone	Northern	2014-01-01	3094.8717999999999
1892	Sierra Leone	Northern	2014-02-01	3371.4285500000001
1893	Sierra Leone	Northern	2014-03-01	3200.0
1894	Sierra Leone	Northern	2014-04-01	3222.1001500000002
1895	Sierra Leone	Northern	2014-05-01	3211.7647000000002
1896	Sierra Leone	Northern	2014-06-01	3575.0
1897	Sierra Leone	Northern	2014-07-01	2758.6206999999999
1898	Sierra Leone	Northern	2014-08-01	3189.6552000000001
1899	Sierra Leone	Western Area	2009-04-01	2725.6666666666665
1900	Sierra Leone	Western Area	2009-05-01	2725.6666666666665
1901	Sierra Leone	Western Area	2009-06-01	2721.1666666666665
1902	Sierra Leone	Western Area	2009-07-01	3006.0
1903	Sierra Leone	Western Area	2009-08-01	3006.0
1904	Sierra Leone	Western Area	2009-09-01	2310.125
1905	Sierra Leone	Western Area	2009-12-01	2165.875
1906	Sierra Leone	Western Area	2010-01-01	2296.375
1907	Sierra Leone	Western Area	2010-02-01	2398.125
1908	Sierra Leone	Western Area	2010-03-01	2258.125
1909	Sierra Leone	Western Area	2010-04-01	2198.125
1910	Sierra Leone	Western Area	2010-05-01	2229.25
1911	Sierra Leone	Western Area	2010-06-01	2501.125
1912	Sierra Leone	Western Area	2010-07-01	2377.25
1913	Sierra Leone	Western Area	2010-08-01	2250.0
1914	Sierra Leone	Western Area	2010-09-01	2406.25
1915	Sierra Leone	Western Area	2010-10-01	2374.875
1916	Sierra Leone	Western Area	2010-11-01	2146.0
1917	Sierra Leone	Western Area	2011-03-01	3083.25
1918	Sierra Leone	Western Area	2011-04-01	3124.875
1919	Sierra Leone	Western Area	2011-05-01	3510.5
1920	Sierra Leone	Western Area	2011-06-01	3489.75
1921	Sierra Leone	Western Area	2011-11-01	3270.75
1922	Sierra Leone	Western Area	2011-12-01	2833.5
1923	Sierra Leone	Western Area	2012-06-01	3041.5
1924	Sierra Leone	Western Area	2012-07-01	3208.25
1925	Sierra Leone	Western Area	2012-08-01	3291.5
1926	Sierra Leone	Western Area	2012-09-01	3312.25
1927	Sierra Leone	Western Area	2012-10-01	3124.75
